"ID","PARENT_ID","URI","FILE_PATH","NAME","METHOD","STATUS","SIZE","TYPE","EXT","LAST_MODIFIED","EXTENSION_MISMATCH","HASH","FORMAT_COUNT","PUID","MIME_TYPE","FORMAT_NAME","FORMAT_VERSION"
"1","","file:/data/","/data","data","","Done","","Folder","","2026-05-20T07:16:59","false","",""
"2","1","file:/data/kalbeck_1__0002_a.tif","/data/kalbeck_1__0002_a.tif","kalbeck_1__0002_a.tif","Signature","Done","67612217","File","tif","2026-05-20T07:10:13","false","","1","fmt/353","image/tiff","Tagged Image File Format",""
"3","1","file:/data/kalbeck_1__0001.tif","/data/kalbeck_1__0001.tif","kalbeck_1__0001.tif","Signature","Done","96780634","File","tif","2026-05-20T07:00:30","false","","1","fmt/353","image/tiff","Tagged Image File Format",""
"4","1","file:/data/kalbeck_1__0005_b.tif","/data/kalbeck_1__0005_b.tif","kalbeck_1__0005_b.tif","Signature","Done","52797605","File","tif","2026-05-20T07:10:19","false","","1","fmt/353","image/tiff","Tagged Image File Format",""
"5","1","file:/data/kalbeck_1__0002_b.tif","/data/kalbeck_1__0002_b.tif","kalbeck_1__0002_b.tif","Signature","Done","66261639","File","tif","2026-05-20T07:10:13","false","","1","fmt/353","image/tiff","Tagged Image File Format",""
"6","1","file:/data/kalbeck_1__0004_b.tif","/data/kalbeck_1__0004_b.tif","kalbeck_1__0004_b.tif","Signature","Done","50523593","File","tif","2026-05-20T07:10:17","false","","1","fmt/353","image/tiff","Tagged Image File Format",""
"7","1","file:/data/kalbeck_1__0003_b.tif","/data/kalbeck_1__0003_b.tif","kalbeck_1__0003_b.tif","Signature","Done","50655185","File","tif","2026-05-20T07:10:15","false","","1","fmt/353","image/tiff","Tagged Image File Format",""
"8","1","file:/data/kalbeck_1__0004_a.tif","/data/kalbeck_1__0004_a.tif","kalbeck_1__0004_a.tif","Signature","Done","47258397","File","tif","2026-05-20T07:10:17","false","","1","fmt/353","image/tiff","Tagged Image File Format",""
"9","1","file:/data/kalbeck_1__0006_a.tif","/data/kalbeck_1__0006_a.tif","kalbeck_1__0006_a.tif","Signature","Done","51140035","File","tif","2026-05-20T07:10:21","false","","1","fmt/353","image/tiff","Tagged Image File Format",""
"10","1","file:/data/kalbeck_1__0003_a.tif","/data/kalbeck_1__0003_a.tif","kalbeck_1__0003_a.tif","Signature","Done","49340759","File","tif","2026-05-20T07:10:15","false","","1","fmt/353","image/tiff","Tagged Image File Format",""
"11","1","file:/data/kalbeck_1__0005_a.tif","/data/kalbeck_1__0005_a.tif","kalbeck_1__0005_a.tif","Signature","Done","51205543","File","tif","2026-05-20T07:10:19","false","","1","fmt/353","image/tiff","Tagged Image File Format",""
"12","1","file:/data/kalbeck_1__0006_b.tif","/data/kalbeck_1__0006_b.tif","kalbeck_1__0006_b.tif","Signature","Done","52149693","File","tif","2026-05-20T07:10:21","false","","1","fmt/353","image/tiff","Tagged Image File Format",""
"13","1","file:/data/kalbeck_1__0008_b.tif","/data/kalbeck_1__0008_b.tif","kalbeck_1__0008_b.tif","Signature","Done","52003141","File","tif","2026-05-20T07:10:25","false","","1","fmt/353","image/tiff","Tagged Image File Format",""
"14","1","file:/data/kalbeck_1__0007_b.tif","/data/kalbeck_1__0007_b.tif","kalbeck_1__0007_b.tif","Signature","Done","52918763","File","tif","2026-05-20T07:10:23","false","","1","fmt/353","image/tiff","Tagged Image File Format",""
"15","1","file:/data/kalbeck_1__0007_a.tif","/data/kalbeck_1__0007_a.tif","kalbeck_1__0007_a.tif","Signature","Done","52094129","File","tif","2026-05-20T07:10:23","false","","1","fmt/353","image/tiff","Tagged Image File Format",""
"16","1","file:/data/kalbeck_1__0012_a.tif","/data/kalbeck_1__0012_a.tif","kalbeck_1__0012_a.tif","Signature","Done","50286135","File","tif","2026-05-20T07:10:33","false","","1","fmt/353","image/tiff","Tagged Image File Format",""
"17","1","file:/data/kalbeck_1__0008_a.tif","/data/kalbeck_1__0008_a.tif","kalbeck_1__0008_a.tif","Signature","Done","52318763","File","tif","2026-05-20T07:10:25","false","","1","fmt/353","image/tiff","Tagged Image File Format",""
"18","1","file:/data/kalbeck_1__0011_a.tif","/data/kalbeck_1__0011_a.tif","kalbeck_1__0011_a.tif","Signature","Done","48855387","File","tif","2026-05-20T07:10:31","false","","1","fmt/353","image/tiff","Tagged Image File Format",""
"19","1","file:/data/kalbeck_1__0010_b.tif","/data/kalbeck_1__0010_b.tif","kalbeck_1__0010_b.tif","Signature","Done","48658281","File","tif","2026-05-20T07:10:30","false","","1","fmt/353","image/tiff","Tagged Image File Format",""
"20","1","file:/data/kalbeck_1__0009_a.tif","/data/kalbeck_1__0009_a.tif","kalbeck_1__0009_a.tif","Signature","Done","51649253","File","tif","2026-05-20T07:10:27","false","","1","fmt/353","image/tiff","Tagged Image File Format",""
"21","1","file:/data/kalbeck_1__0010_a.tif","/data/kalbeck_1__0010_a.tif","kalbeck_1__0010_a.tif","Signature","Done","50740483","File","tif","2026-05-20T07:10:29","false","","1","fmt/353","image/tiff","Tagged Image File Format",""
"22","1","file:/data/kalbeck_1__0009_b.tif","/data/kalbeck_1__0009_b.tif","kalbeck_1__0009_b.tif","Signature","Done","51996403","File","tif","2026-05-20T07:10:27","false","","1","fmt/353","image/tiff","Tagged Image File Format",""
"23","1","file:/data/kalbeck_1__0011_b.tif","/data/kalbeck_1__0011_b.tif","kalbeck_1__0011_b.tif","Signature","Done","50197033","File","tif","2026-05-20T07:10:32","false","","1","fmt/353","image/tiff","Tagged Image File Format",""
"24","1","file:/data/kalbeck_1__0012_b.tif","/data/kalbeck_1__0012_b.tif","kalbeck_1__0012_b.tif","Signature","Done","51383889","File","tif","2026-05-20T07:10:34","false","","1","fmt/353","image/tiff","Tagged Image File Format",""
"25","1","file:/data/kalbeck_1__0015_a.tif","/data/kalbeck_1__0015_a.tif","kalbeck_1__0015_a.tif","Signature","Done","52692271","File","tif","2026-05-20T07:10:39","false","","1","fmt/353","image/tiff","Tagged Image File Format",""
"26","1","file:/data/kalbeck_1__0016_a.tif","/data/kalbeck_1__0016_a.tif","kalbeck_1__0016_a.tif","Signature","Done","51887335","File","tif","2026-05-20T07:10:41","false","","1","fmt/353","image/tiff","Tagged Image File Format",""
"27","1","file:/data/kalbeck_1__0015_b.tif","/data/kalbeck_1__0015_b.tif","kalbeck_1__0015_b.tif","Signature","Done","51349339","File","tif","2026-05-20T07:10:40","false","","1","fmt/353","image/tiff","Tagged Image File Format",""
"28","1","file:/data/kalbeck_1__0013_b.tif","/data/kalbeck_1__0013_b.tif","kalbeck_1__0013_b.tif","Signature","Done","53344943","File","tif","2026-05-20T07:10:36","false","","1","fmt/353","image/tiff","Tagged Image File Format",""
"29","1","file:/data/kalbeck_1__0014_a.tif","/data/kalbeck_1__0014_a.tif","kalbeck_1__0014_a.tif","Signature","Done","53985177","File","tif","2026-05-20T07:10:37","false","","1","fmt/353","image/tiff","Tagged Image File Format",""
"30","1","file:/data/kalbeck_1__0014_b.tif","/data/kalbeck_1__0014_b.tif","kalbeck_1__0014_b.tif","Signature","Done","52485061","File","tif","2026-05-20T07:10:38","false","","1","fmt/353","image/tiff","Tagged Image File Format",""
"31","1","file:/data/kalbeck_1__0013_a.tif","/data/kalbeck_1__0013_a.tif","kalbeck_1__0013_a.tif","Signature","Done","52393785","File","tif","2026-05-20T07:10:35","false","","1","fmt/353","image/tiff","Tagged Image File Format",""
"32","1","file:/data/kalbeck_1__0016_b.tif","/data/kalbeck_1__0016_b.tif","kalbeck_1__0016_b.tif","Signature","Done","52830509","File","tif","2026-05-20T07:10:42","false","","1","fmt/353","image/tiff","Tagged Image File Format",""
"33","1","file:/data/kalbeck_1__0017_a.tif","/data/kalbeck_1__0017_a.tif","kalbeck_1__0017_a.tif","Signature","Done","50914729","File","tif","2026-05-20T07:10:43","false","","1","fmt/353","image/tiff","Tagged Image File Format",""
"34","1","file:/data/kalbeck_1__0017_b.tif","/data/kalbeck_1__0017_b.tif","kalbeck_1__0017_b.tif","Signature","Done","51609975","File","tif","2026-05-20T07:10:44","false","","1","fmt/353","image/tiff","Tagged Image File Format",""
"35","1","file:/data/kalbeck_1__0018_a.tif","/data/kalbeck_1__0018_a.tif","kalbeck_1__0018_a.tif","Signature","Done","53259557","File","tif","2026-05-20T07:10:45","false","","1","fmt/353","image/tiff","Tagged Image File Format",""
"36","1","file:/data/kalbeck_1__0020_a.tif","/data/kalbeck_1__0020_a.tif","kalbeck_1__0020_a.tif","Signature","Done","53241019","File","tif","2026-05-20T07:10:49","false","","1","fmt/353","image/tiff","Tagged Image File Format",""
"37","1","file:/data/kalbeck_1__0018_b.tif","/data/kalbeck_1__0018_b.tif","kalbeck_1__0018_b.tif","Signature","Done","53396377","File","tif","2026-05-20T07:10:46","false","","1","fmt/353","image/tiff","Tagged Image File Format",""
"38","1","file:/data/kalbeck_1__0021_a.tif","/data/kalbeck_1__0021_a.tif","kalbeck_1__0021_a.tif","Signature","Done","54649779","File","tif","2026-05-20T07:10:51","false","","1","fmt/353","image/tiff","Tagged Image File Format",""
"39","1","file:/data/kalbeck_1__0019_a.tif","/data/kalbeck_1__0019_a.tif","kalbeck_1__0019_a.tif","Signature","Done","53261537","File","tif","2026-05-20T07:10:47","false","","1","fmt/353","image/tiff","Tagged Image File Format",""
"40","1","file:/data/kalbeck_1__0020_b.tif","/data/kalbeck_1__0020_b.tif","kalbeck_1__0020_b.tif","Signature","Done","53569103","File","tif","2026-05-20T07:10:50","false","","1","fmt/353","image/tiff","Tagged Image File Format",""
"41","1","file:/data/kalbeck_1__0019_b.tif","/data/kalbeck_1__0019_b.tif","kalbeck_1__0019_b.tif","Signature","Done","53384131","File","tif","2026-05-20T07:10:48","false","","1","fmt/353","image/tiff","Tagged Image File Format",""
"42","1","file:/data/kalbeck_1__0023_a.tif","/data/kalbeck_1__0023_a.tif","kalbeck_1__0023_a.tif","Signature","Done","54184935","File","tif","2026-05-20T07:10:56","false","","1","fmt/353","image/tiff","Tagged Image File Format",""
"43","1","file:/data/kalbeck_1__0022_a.tif","/data/kalbeck_1__0022_a.tif","kalbeck_1__0022_a.tif","Signature","Done","52788885","File","tif","2026-05-20T07:10:54","false","","1","fmt/353","image/tiff","Tagged Image File Format",""
"44","1","file:/data/kalbeck_1__0021_b.tif","/data/kalbeck_1__0021_b.tif","kalbeck_1__0021_b.tif","Signature","Done","52521795","File","tif","2026-05-20T07:10:52","false","","1","fmt/353","image/tiff","Tagged Image File Format",""
"45","1","file:/data/kalbeck_1__0022_b.tif","/data/kalbeck_1__0022_b.tif","kalbeck_1__0022_b.tif","Signature","Done","54481615","File","tif","2026-05-20T07:10:54","false","","1","fmt/353","image/tiff","Tagged Image File Format",""
"46","1","file:/data/kalbeck_1__0023_b.tif","/data/kalbeck_1__0023_b.tif","kalbeck_1__0023_b.tif","Signature","Done","54790999","File","tif","2026-05-20T07:10:56","false","","1","fmt/353","image/tiff","Tagged Image File Format",""
"47","1","file:/data/kalbeck_1__0025_b.tif","/data/kalbeck_1__0025_b.tif","kalbeck_1__0025_b.tif","Signature","Done","55658219","File","tif","2026-05-20T07:11:00","false","","1","fmt/353","image/tiff","Tagged Image File Format",""
"48","1","file:/data/kalbeck_1__0028_b.tif","/data/kalbeck_1__0028_b.tif","kalbeck_1__0028_b.tif","Signature","Done","51972063","File","tif","2026-05-20T07:11:07","false","","1","fmt/353","image/tiff","Tagged Image File Format",""
"49","1","file:/data/kalbeck_1__0024_b.tif","/data/kalbeck_1__0024_b.tif","kalbeck_1__0024_b.tif","Signature","Done","55416831","File","tif","2026-05-20T07:10:58","false","","1","fmt/353","image/tiff","Tagged Image File Format",""
"50","1","file:/data/kalbeck_1__0024_a.tif","/data/kalbeck_1__0024_a.tif","kalbeck_1__0024_a.tif","Signature","Done","54915723","File","tif","2026-05-20T07:10:58","false","","1","fmt/353","image/tiff","Tagged Image File Format",""
"51","1","file:/data/kalbeck_1__0027_a.tif","/data/kalbeck_1__0027_a.tif","kalbeck_1__0027_a.tif","Signature","Done","53378257","File","tif","2026-05-20T07:11:04","false","","1","fmt/353","image/tiff","Tagged Image File Format",""
"52","1","file:/data/kalbeck_1__0026_b.tif","/data/kalbeck_1__0026_b.tif","kalbeck_1__0026_b.tif","Signature","Done","52097615","File","tif","2026-05-20T07:11:02","false","","1","fmt/353","image/tiff","Tagged Image File Format",""
"53","1","file:/data/kalbeck_1__0025_a.tif","/data/kalbeck_1__0025_a.tif","kalbeck_1__0025_a.tif","Signature","Done","55975389","File","tif","2026-05-20T07:11:00","false","","1","fmt/353","image/tiff","Tagged Image File Format",""
"54","1","file:/data/kalbeck_1__0026_a.tif","/data/kalbeck_1__0026_a.tif","kalbeck_1__0026_a.tif","Signature","Done","55747001","File","tif","2026-05-20T07:11:02","false","","1","fmt/353","image/tiff","Tagged Image File Format",""
"55","1","file:/data/kalbeck_1__0027_b.tif","/data/kalbeck_1__0027_b.tif","kalbeck_1__0027_b.tif","Signature","Done","53011049","File","tif","2026-05-20T07:11:05","false","","1","fmt/353","image/tiff","Tagged Image File Format",""
"56","1","file:/data/kalbeck_1__0028_a.tif","/data/kalbeck_1__0028_a.tif","kalbeck_1__0028_a.tif","Signature","Done","52032427","File","tif","2026-05-20T07:11:06","false","","1","fmt/353","image/tiff","Tagged Image File Format",""
"57","1","file:/data/kalbeck_1__0030_b.tif","/data/kalbeck_1__0030_b.tif","kalbeck_1__0030_b.tif","Signature","Done","54107071","File","tif","2026-05-20T07:11:11","false","","1","fmt/353","image/tiff","Tagged Image File Format",""
"58","1","file:/data/kalbeck_1__0031_b.tif","/data/kalbeck_1__0031_b.tif","kalbeck_1__0031_b.tif","Signature","Done","54309635","File","tif","2026-05-20T07:11:13","false","","1","fmt/353","image/tiff","Tagged Image File Format",""
"59","1","file:/data/kalbeck_1__0029_b.tif","/data/kalbeck_1__0029_b.tif","kalbeck_1__0029_b.tif","Signature","Done","53186993","File","tif","2026-05-20T07:11:09","false","","1","fmt/353","image/tiff","Tagged Image File Format",""
"60","1","file:/data/kalbeck_1__0030_a.tif","/data/kalbeck_1__0030_a.tif","kalbeck_1__0030_a.tif","Signature","Done","52686685","File","tif","2026-05-20T07:11:10","false","","1","fmt/353","image/tiff","Tagged Image File Format",""
"61","1","file:/data/kalbeck_1__0029_a.tif","/data/kalbeck_1__0029_a.tif","kalbeck_1__0029_a.tif","Signature","Done","51390169","File","tif","2026-05-20T07:11:08","false","","1","fmt/353","image/tiff","Tagged Image File Format",""
"62","1","file:/data/kalbeck_1__0031_a.tif","/data/kalbeck_1__0031_a.tif","kalbeck_1__0031_a.tif","Signature","Done","55397517","File","tif","2026-05-20T07:11:12","false","","1","fmt/353","image/tiff","Tagged Image File Format",""
"63","1","file:/data/kalbeck_1__0032_b.tif","/data/kalbeck_1__0032_b.tif","kalbeck_1__0032_b.tif","Signature","Done","55561783","File","tif","2026-05-20T07:11:15","false","","1","fmt/353","image/tiff","Tagged Image File Format",""
"64","1","file:/data/kalbeck_1__0033_b.tif","/data/kalbeck_1__0033_b.tif","kalbeck_1__0033_b.tif","Signature","Done","57073799","File","tif","2026-05-20T07:11:17","false","","1","fmt/353","image/tiff","Tagged Image File Format",""
"65","1","file:/data/kalbeck_1__0032_a.tif","/data/kalbeck_1__0032_a.tif","kalbeck_1__0032_a.tif","Signature","Done","55553929","File","tif","2026-05-20T07:11:14","false","","1","fmt/353","image/tiff","Tagged Image File Format",""
"66","1","file:/data/kalbeck_1__0034_a.tif","/data/kalbeck_1__0034_a.tif","kalbeck_1__0034_a.tif","Signature","Done","56818745","File","tif","2026-05-20T07:11:18","false","","1","fmt/353","image/tiff","Tagged Image File Format",""
"67","1","file:/data/kalbeck_1__0033_a.tif","/data/kalbeck_1__0033_a.tif","kalbeck_1__0033_a.tif","Signature","Done","56039779","File","tif","2026-05-20T07:11:16","false","","1","fmt/353","image/tiff","Tagged Image File Format",""
"68","1","file:/data/kalbeck_1__0034_b.tif","/data/kalbeck_1__0034_b.tif","kalbeck_1__0034_b.tif","Signature","Done","56262809","File","tif","2026-05-20T07:11:19","false","","1","fmt/353","image/tiff","Tagged Image File Format",""
"69","1","file:/data/kalbeck_1__0037_a.tif","/data/kalbeck_1__0037_a.tif","kalbeck_1__0037_a.tif","Signature","Done","55753043","File","tif","2026-05-20T07:11:25","false","","1","fmt/353","image/tiff","Tagged Image File Format",""
"70","1","file:/data/kalbeck_1__0035_a.tif","/data/kalbeck_1__0035_a.tif","kalbeck_1__0035_a.tif","Signature","Done","55390203","File","tif","2026-05-20T07:11:21","false","","1","fmt/353","image/tiff","Tagged Image File Format",""
"71","1","file:/data/kalbeck_1__0036_b.tif","/data/kalbeck_1__0036_b.tif","kalbeck_1__0036_b.tif","Signature","Done","56779325","File","tif","2026-05-20T07:11:23","false","","1","fmt/353","image/tiff","Tagged Image File Format",""
"72","1","file:/data/kalbeck_1__0036_a.tif","/data/kalbeck_1__0036_a.tif","kalbeck_1__0036_a.tif","Signature","Done","56721131","File","tif","2026-05-20T07:11:23","false","","1","fmt/353","image/tiff","Tagged Image File Format",""
"73","1","file:/data/kalbeck_1__0035_b.tif","/data/kalbeck_1__0035_b.tif","kalbeck_1__0035_b.tif","Signature","Done","56925775","File","tif","2026-05-20T07:11:21","false","","1","fmt/353","image/tiff","Tagged Image File Format",""
"74","1","file:/data/kalbeck_1__0037_b.tif","/data/kalbeck_1__0037_b.tif","kalbeck_1__0037_b.tif","Signature","Done","58154345","File","tif","2026-05-20T07:11:25","false","","1","fmt/353","image/tiff","Tagged Image File Format",""
"75","1","file:/data/kalbeck_1__0039_b.tif","/data/kalbeck_1__0039_b.tif","kalbeck_1__0039_b.tif","Signature","Done","56762419","File","tif","2026-05-20T07:11:30","false","","1","fmt/353","image/tiff","Tagged Image File Format",""
"76","1","file:/data/kalbeck_1__0039_a.tif","/data/kalbeck_1__0039_a.tif","kalbeck_1__0039_a.tif","Signature","Done","56989289","File","tif","2026-05-20T07:11:29","false","","1","fmt/353","image/tiff","Tagged Image File Format",""
"77","1","file:/data/kalbeck_1__0038_b.tif","/data/kalbeck_1__0038_b.tif","kalbeck_1__0038_b.tif","Signature","Done","56571665","File","tif","2026-05-20T07:11:28","false","","1","fmt/353","image/tiff","Tagged Image File Format",""
"78","1","file:/data/kalbeck_1__0040_b.tif","/data/kalbeck_1__0040_b.tif","kalbeck_1__0040_b.tif","Signature","Done","54235771","File","tif","2026-05-20T07:11:32","false","","1","fmt/353","image/tiff","Tagged Image File Format",""
"79","1","file:/data/kalbeck_1__0038_a.tif","/data/kalbeck_1__0038_a.tif","kalbeck_1__0038_a.tif","Signature","Done","57468557","File","tif","2026-05-20T07:11:27","false","","1","fmt/353","image/tiff","Tagged Image File Format",""
"80","1","file:/data/kalbeck_1__0041_b.tif","/data/kalbeck_1__0041_b.tif","kalbeck_1__0041_b.tif","Signature","Done","53527131","File","tif","2026-05-20T07:11:34","false","","1","fmt/353","image/tiff","Tagged Image File Format",""
"81","1","file:/data/kalbeck_1__0041_a.tif","/data/kalbeck_1__0041_a.tif","kalbeck_1__0041_a.tif","Signature","Done","54296235","File","tif","2026-05-20T07:11:33","false","","1","fmt/353","image/tiff","Tagged Image File Format",""
"82","1","file:/data/kalbeck_1__0040_a.tif","/data/kalbeck_1__0040_a.tif","kalbeck_1__0040_a.tif","Signature","Done","57195577","File","tif","2026-05-20T07:11:31","false","","1","fmt/353","image/tiff","Tagged Image File Format",""
"83","1","file:/data/kalbeck_1__0042_b.tif","/data/kalbeck_1__0042_b.tif","kalbeck_1__0042_b.tif","Signature","Done","54073783","File","tif","2026-05-20T07:11:36","false","","1","fmt/353","image/tiff","Tagged Image File Format",""
"84","1","file:/data/kalbeck_1__0042_a.tif","/data/kalbeck_1__0042_a.tif","kalbeck_1__0042_a.tif","Signature","Done","53033007","File","tif","2026-05-20T07:11:35","false","","1","fmt/353","image/tiff","Tagged Image File Format",""
"85","1","file:/data/kalbeck_1__0043_a.tif","/data/kalbeck_1__0043_a.tif","kalbeck_1__0043_a.tif","Signature","Done","53093531","File","tif","2026-05-20T07:11:37","false","","1","fmt/353","image/tiff","Tagged Image File Format",""
"86","1","file:/data/kalbeck_1__0043_b.tif","/data/kalbeck_1__0043_b.tif","kalbeck_1__0043_b.tif","Signature","Done","57523037","File","tif","2026-05-20T07:11:38","false","","1","fmt/353","image/tiff","Tagged Image File Format",""
"87","1","file:/data/kalbeck_1__0044_b.tif","/data/kalbeck_1__0044_b.tif","kalbeck_1__0044_b.tif","Signature","Done","54084695","File","tif","2026-05-20T07:11:40","false","","1","fmt/353","image/tiff","Tagged Image File Format",""
"88","1","file:/data/kalbeck_1__0044_a.tif","/data/kalbeck_1__0044_a.tif","kalbeck_1__0044_a.tif","Signature","Done","54426177","File","tif","2026-05-20T07:11:39","false","","1","fmt/353","image/tiff","Tagged Image File Format",""
"89","1","file:/data/kalbeck_1__0045_a.tif","/data/kalbeck_1__0045_a.tif","kalbeck_1__0045_a.tif","Signature","Done","51988427","File","tif","2026-05-20T07:11:42","false","","1","fmt/353","image/tiff","Tagged Image File Format",""
"90","1","file:/data/kalbeck_1__0045_b.tif","/data/kalbeck_1__0045_b.tif","kalbeck_1__0045_b.tif","Signature","Done","51284385","File","tif","2026-05-20T07:11:42","false","","1","fmt/353","image/tiff","Tagged Image File Format",""
"91","1","file:/data/kalbeck_1__0046_a.tif","/data/kalbeck_1__0046_a.tif","kalbeck_1__0046_a.tif","Signature","Done","51023399","File","tif","2026-05-20T07:11:44","false","","1","fmt/353","image/tiff","Tagged Image File Format",""
"92","1","file:/data/kalbeck_1__0047_b.tif","/data/kalbeck_1__0047_b.tif","kalbeck_1__0047_b.tif","Signature","Done","53937029","File","tif","2026-05-20T07:11:46","false","","1","fmt/353","image/tiff","Tagged Image File Format",""
"93","1","file:/data/kalbeck_1__0046_b.tif","/data/kalbeck_1__0046_b.tif","kalbeck_1__0046_b.tif","Signature","Done","53675685","File","tif","2026-05-20T07:11:44","false","","1","fmt/353","image/tiff","Tagged Image File Format",""
"94","1","file:/data/kalbeck_1__0047_a.tif","/data/kalbeck_1__0047_a.tif","kalbeck_1__0047_a.tif","Signature","Done","53033701","File","tif","2026-05-20T07:11:46","false","","1","fmt/353","image/tiff","Tagged Image File Format",""
"95","1","file:/data/kalbeck_1__0048_a.tif","/data/kalbeck_1__0048_a.tif","kalbeck_1__0048_a.tif","Signature","Done","53740573","File","tif","2026-05-20T07:11:48","false","","1","fmt/353","image/tiff","Tagged Image File Format",""
"96","1","file:/data/kalbeck_1__0049_b.tif","/data/kalbeck_1__0049_b.tif","kalbeck_1__0049_b.tif","Signature","Done","56392245","File","tif","2026-05-20T07:11:51","false","","1","fmt/353","image/tiff","Tagged Image File Format",""
"97","1","file:/data/kalbeck_1__0048_b.tif","/data/kalbeck_1__0048_b.tif","kalbeck_1__0048_b.tif","Signature","Done","52458527","File","tif","2026-05-20T07:11:49","false","","1","fmt/353","image/tiff","Tagged Image File Format",""
"98","1","file:/data/kalbeck_1__0050_a.tif","/data/kalbeck_1__0050_a.tif","kalbeck_1__0050_a.tif","Signature","Done","55918007","File","tif","2026-05-20T07:11:52","false","","1","fmt/353","image/tiff","Tagged Image File Format",""
"99","1","file:/data/kalbeck_1__0049_a.tif","/data/kalbeck_1__0049_a.tif","kalbeck_1__0049_a.tif","Signature","Done","54507729","File","tif","2026-05-20T07:11:50","false","","1","fmt/353","image/tiff","Tagged Image File Format",""
"100","1","file:/data/kalbeck_1__0050_b.tif","/data/kalbeck_1__0050_b.tif","kalbeck_1__0050_b.tif","Signature","Done","54639969","File","tif","2026-05-20T07:11:53","false","","1","fmt/353","image/tiff","Tagged Image File Format",""
"101","1","file:/data/kalbeck_1__0053_b.tif","/data/kalbeck_1__0053_b.tif","kalbeck_1__0053_b.tif","Signature","Done","56776747","File","tif","2026-05-20T07:12:00","false","","1","fmt/353","image/tiff","Tagged Image File Format",""
"102","1","file:/data/kalbeck_1__0052_a.tif","/data/kalbeck_1__0052_a.tif","kalbeck_1__0052_a.tif","Signature","Done","56453163","File","tif","2026-05-20T07:11:57","false","","1","fmt/353","image/tiff","Tagged Image File Format",""
"103","1","file:/data/kalbeck_1__0051_a.tif","/data/kalbeck_1__0051_a.tif","kalbeck_1__0051_a.tif","Signature","Done","55097247","File","tif","2026-05-20T07:11:54","false","","1","fmt/353","image/tiff","Tagged Image File Format",""
"104","1","file:/data/kalbeck_1__0052_b.tif","/data/kalbeck_1__0052_b.tif","kalbeck_1__0052_b.tif","Signature","Done","55526963","File","tif","2026-05-20T07:11:57","false","","1","fmt/353","image/tiff","Tagged Image File Format",""
"105","1","file:/data/kalbeck_1__0053_a.tif","/data/kalbeck_1__0053_a.tif","kalbeck_1__0053_a.tif","Signature","Done","56833169","File","tif","2026-05-20T07:11:59","false","","1","fmt/353","image/tiff","Tagged Image File Format",""
"106","1","file:/data/kalbeck_1__0051_b.tif","/data/kalbeck_1__0051_b.tif","kalbeck_1__0051_b.tif","Signature","Done","52614721","File","tif","2026-05-20T07:11:55","false","","1","fmt/353","image/tiff","Tagged Image File Format",""
"107","1","file:/data/kalbeck_1__0054_b.tif","/data/kalbeck_1__0054_b.tif","kalbeck_1__0054_b.tif","Signature","Done","58262993","File","tif","2026-05-20T07:12:02","false","","1","fmt/353","image/tiff","Tagged Image File Format",""
"108","1","file:/data/kalbeck_1__0054_a.tif","/data/kalbeck_1__0054_a.tif","kalbeck_1__0054_a.tif","Signature","Done","56633197","File","tif","2026-05-20T07:12:01","false","","1","fmt/353","image/tiff","Tagged Image File Format",""
"109","1","file:/data/kalbeck_1__0055_b.tif","/data/kalbeck_1__0055_b.tif","kalbeck_1__0055_b.tif","Signature","Done","58085057","File","tif","2026-05-20T07:12:04","false","","1","fmt/353","image/tiff","Tagged Image File Format",""
"110","1","file:/data/kalbeck_1__0055_a.tif","/data/kalbeck_1__0055_a.tif","kalbeck_1__0055_a.tif","Signature","Done","56854453","File","tif","2026-05-20T07:12:03","false","","1","fmt/353","image/tiff","Tagged Image File Format",""
"111","1","file:/data/kalbeck_1__0056_a.tif","/data/kalbeck_1__0056_a.tif","kalbeck_1__0056_a.tif","Signature","Done","57946275","File","tif","2026-05-20T07:12:05","false","","1","fmt/353","image/tiff","Tagged Image File Format",""
"112","1","file:/data/kalbeck_1__0057_b.tif","/data/kalbeck_1__0057_b.tif","kalbeck_1__0057_b.tif","Signature","Done","59984961","File","tif","2026-05-20T07:12:08","false","","1","fmt/353","image/tiff","Tagged Image File Format",""
"113","1","file:/data/kalbeck_1__0056_b.tif","/data/kalbeck_1__0056_b.tif","kalbeck_1__0056_b.tif","Signature","Done","58753139","File","tif","2026-05-20T07:12:06","false","","1","fmt/353","image/tiff","Tagged Image File Format",""
"114","1","file:/data/kalbeck_1__0057_a.tif","/data/kalbeck_1__0057_a.tif","kalbeck_1__0057_a.tif","Signature","Done","58773397","File","tif","2026-05-20T07:12:08","false","","1","fmt/353","image/tiff","Tagged Image File Format",""
"115","1","file:/data/kalbeck_1__0058_a.tif","/data/kalbeck_1__0058_a.tif","kalbeck_1__0058_a.tif","Signature","Done","59460387","File","tif","2026-05-20T07:12:10","false","","1","fmt/353","image/tiff","Tagged Image File Format",""
"116","1","file:/data/kalbeck_1__0058_b.tif","/data/kalbeck_1__0058_b.tif","kalbeck_1__0058_b.tif","Signature","Done","60291121","File","tif","2026-05-20T07:12:10","false","","1","fmt/353","image/tiff","Tagged Image File Format",""
"117","1","file:/data/kalbeck_1__0059_a.tif","/data/kalbeck_1__0059_a.tif","kalbeck_1__0059_a.tif","Signature","Done","60223475","File","tif","2026-05-20T07:12:12","false","","1","fmt/353","image/tiff","Tagged Image File Format",""
"118","1","file:/data/kalbeck_1__0060_a.tif","/data/kalbeck_1__0060_a.tif","kalbeck_1__0060_a.tif","Signature","Done","58322157","File","tif","2026-05-20T07:12:14","false","","1","fmt/353","image/tiff","Tagged Image File Format",""
"119","1","file:/data/kalbeck_1__0059_b.tif","/data/kalbeck_1__0059_b.tif","kalbeck_1__0059_b.tif","Signature","Done","60999423","File","tif","2026-05-20T07:12:13","false","","1","fmt/353","image/tiff","Tagged Image File Format",""
"120","1","file:/data/kalbeck_1__0060_b.tif","/data/kalbeck_1__0060_b.tif","kalbeck_1__0060_b.tif","Signature","Done","58795607","File","tif","2026-05-20T07:12:15","false","","1","fmt/353","image/tiff","Tagged Image File Format",""
"121","1","file:/data/kalbeck_1__0062_b.tif","/data/kalbeck_1__0062_b.tif","kalbeck_1__0062_b.tif","Signature","Done","59368157","File","tif","2026-05-20T07:12:19","false","","1","fmt/353","image/tiff","Tagged Image File Format",""
"122","1","file:/data/kalbeck_1__0064_b.tif","/data/kalbeck_1__0064_b.tif","kalbeck_1__0064_b.tif","Signature","Done","56467261","File","tif","2026-05-20T07:12:23","false","","1","fmt/353","image/tiff","Tagged Image File Format",""
"123","1","file:/data/kalbeck_1__0062_a.tif","/data/kalbeck_1__0062_a.tif","kalbeck_1__0062_a.tif","Signature","Done","58476979","File","tif","2026-05-20T07:12:18","false","","1","fmt/353","image/tiff","Tagged Image File Format",""
"124","1","file:/data/kalbeck_1__0063_a.tif","/data/kalbeck_1__0063_a.tif","kalbeck_1__0063_a.tif","Signature","Done","58308927","File","tif","2026-05-20T07:12:21","false","","1","fmt/353","image/tiff","Tagged Image File Format",""
"125","1","file:/data/kalbeck_1__0064_a.tif","/data/kalbeck_1__0064_a.tif","kalbeck_1__0064_a.tif","Signature","Done","56743091","File","tif","2026-05-20T07:12:23","false","","1","fmt/353","image/tiff","Tagged Image File Format",""
"126","1","file:/data/kalbeck_1__0063_b.tif","/data/kalbeck_1__0063_b.tif","kalbeck_1__0063_b.tif","Signature","Done","57297693","File","tif","2026-05-20T07:12:21","false","","1","fmt/353","image/tiff","Tagged Image File Format",""
"127","1","file:/data/kalbeck_1__0061_b.tif","/data/kalbeck_1__0061_b.tif","kalbeck_1__0061_b.tif","Signature","Done","59097273","File","tif","2026-05-20T07:12:17","false","","1","fmt/353","image/tiff","Tagged Image File Format",""
"128","1","file:/data/kalbeck_1__0061_a.tif","/data/kalbeck_1__0061_a.tif","kalbeck_1__0061_a.tif","Signature","Done","58028209","File","tif","2026-05-20T07:12:16","false","","1","fmt/353","image/tiff","Tagged Image File Format",""
"129","1","file:/data/kalbeck_1__0065_a.tif","/data/kalbeck_1__0065_a.tif","kalbeck_1__0065_a.tif","Signature","Done","56668791","File","tif","2026-05-20T07:12:25","false","","1","fmt/353","image/tiff","Tagged Image File Format",""
"130","1","file:/data/kalbeck_1__0066_b.tif","/data/kalbeck_1__0066_b.tif","kalbeck_1__0066_b.tif","Signature","Done","56925847","File","tif","2026-05-20T07:12:28","false","","1","fmt/353","image/tiff","Tagged Image File Format",""
"131","1","file:/data/kalbeck_1__0068_a.tif","/data/kalbeck_1__0068_a.tif","kalbeck_1__0068_a.tif","Signature","Done","56591461","File","tif","2026-05-20T07:12:31","false","","1","fmt/353","image/tiff","Tagged Image File Format",""
"132","1","file:/data/kalbeck_1__0067_b.tif","/data/kalbeck_1__0067_b.tif","kalbeck_1__0067_b.tif","Signature","Done","57631757","File","tif","2026-05-20T07:12:30","false","","1","fmt/353","image/tiff","Tagged Image File Format",""
"133","1","file:/data/kalbeck_1__0068_b.tif","/data/kalbeck_1__0068_b.tif","kalbeck_1__0068_b.tif","Signature","Done","55746427","File","tif","2026-05-20T07:12:32","false","","1","fmt/353","image/tiff","Tagged Image File Format",""
"134","1","file:/data/kalbeck_1__0069_b.tif","/data/kalbeck_1__0069_b.tif","kalbeck_1__0069_b.tif","Signature","Done","56847453","File","tif","2026-05-20T07:12:34","false","","1","fmt/353","image/tiff","Tagged Image File Format",""
"135","1","file:/data/kalbeck_1__0069_a.tif","/data/kalbeck_1__0069_a.tif","kalbeck_1__0069_a.tif","Signature","Done","57077439","File","tif","2026-05-20T07:12:33","false","","1","fmt/353","image/tiff","Tagged Image File Format",""
"136","1","file:/data/kalbeck_1__0065_b.tif","/data/kalbeck_1__0065_b.tif","kalbeck_1__0065_b.tif","Signature","Done","55260695","File","tif","2026-05-20T07:12:25","false","","1","fmt/353","image/tiff","Tagged Image File Format",""
"137","1","file:/data/kalbeck_1__0067_a.tif","/data/kalbeck_1__0067_a.tif","kalbeck_1__0067_a.tif","Signature","Done","56132705","File","tif","2026-05-20T07:12:29","false","","1","fmt/353","image/tiff","Tagged Image File Format",""
"138","1","file:/data/kalbeck_1__0070_a.tif","/data/kalbeck_1__0070_a.tif","kalbeck_1__0070_a.tif","Signature","Done","56904251","File","tif","2026-05-20T07:12:35","false","","1","fmt/353","image/tiff","Tagged Image File Format",""
"139","1","file:/data/kalbeck_1__0066_a.tif","/data/kalbeck_1__0066_a.tif","kalbeck_1__0066_a.tif","Signature","Done","55264309","File","tif","2026-05-20T07:12:27","false","","1","fmt/353","image/tiff","Tagged Image File Format",""
"140","1","file:/data/kalbeck_1__0071_a.tif","/data/kalbeck_1__0071_a.tif","kalbeck_1__0071_a.tif","Signature","Done","57523743","File","tif","2026-05-20T07:12:38","false","","1","fmt/353","image/tiff","Tagged Image File Format",""
"141","1","file:/data/kalbeck_1__0070_b.tif","/data/kalbeck_1__0070_b.tif","kalbeck_1__0070_b.tif","Signature","Done","57887981","File","tif","2026-05-20T07:12:36","false","","1","fmt/353","image/tiff","Tagged Image File Format",""
"142","1","file:/data/kalbeck_1__0072_b.tif","/data/kalbeck_1__0072_b.tif","kalbeck_1__0072_b.tif","Signature","Done","57396145","File","tif","2026-05-20T07:12:40","false","","1","fmt/353","image/tiff","Tagged Image File Format",""
"143","1","file:/data/kalbeck_1__0071_b.tif","/data/kalbeck_1__0071_b.tif","kalbeck_1__0071_b.tif","Signature","Done","57673535","File","tif","2026-05-20T07:12:38","false","","1","fmt/353","image/tiff","Tagged Image File Format",""
"144","1","file:/data/kalbeck_1__0072_a.tif","/data/kalbeck_1__0072_a.tif","kalbeck_1__0072_a.tif","Signature","Done","55860829","File","tif","2026-05-20T07:12:40","false","","1","fmt/353","image/tiff","Tagged Image File Format",""
"145","1","file:/data/kalbeck_1__0073_a.tif","/data/kalbeck_1__0073_a.tif","kalbeck_1__0073_a.tif","Signature","Done","55906039","File","tif","2026-05-20T07:12:42","false","","1","fmt/353","image/tiff","Tagged Image File Format",""
"146","1","file:/data/kalbeck_1__0073_b.tif","/data/kalbeck_1__0073_b.tif","kalbeck_1__0073_b.tif","Signature","Done","57963049","File","tif","2026-05-20T07:12:43","false","","1","fmt/353","image/tiff","Tagged Image File Format",""
"147","1","file:/data/kalbeck_1__0074_a.tif","/data/kalbeck_1__0074_a.tif","kalbeck_1__0074_a.tif","Signature","Done","57490947","File","tif","2026-05-20T07:12:44","false","","1","fmt/353","image/tiff","Tagged Image File Format",""
"148","1","file:/data/kalbeck_1__0075_a.tif","/data/kalbeck_1__0075_a.tif","kalbeck_1__0075_a.tif","Signature","Done","57454633","File","tif","2026-05-20T07:12:46","false","","1","fmt/353","image/tiff","Tagged Image File Format",""
"149","1","file:/data/kalbeck_1__0074_b.tif","/data/kalbeck_1__0074_b.tif","kalbeck_1__0074_b.tif","Signature","Done","58269019","File","tif","2026-05-20T07:12:45","false","","1","fmt/353","image/tiff","Tagged Image File Format",""
"150","1","file:/data/kalbeck_1__0075_b.tif","/data/kalbeck_1__0075_b.tif","kalbeck_1__0075_b.tif","Signature","Done","55924943","File","tif","2026-05-20T07:12:47","false","","1","fmt/353","image/tiff","Tagged Image File Format",""
"151","1","file:/data/kalbeck_1__0076_b.tif","/data/kalbeck_1__0076_b.tif","kalbeck_1__0076_b.tif","Signature","Done","55819633","File","tif","2026-05-20T07:12:49","false","","1","fmt/353","image/tiff","Tagged Image File Format",""
"152","1","file:/data/kalbeck_1__0077_a.tif","/data/kalbeck_1__0077_a.tif","kalbeck_1__0077_a.tif","Signature","Done","54484247","File","tif","2026-05-20T07:12:50","false","","1","fmt/353","image/tiff","Tagged Image File Format",""
"153","1","file:/data/kalbeck_1__0076_a.tif","/data/kalbeck_1__0076_a.tif","kalbeck_1__0076_a.tif","Signature","Done","54243035","File","tif","2026-05-20T07:12:48","false","","1","fmt/353","image/tiff","Tagged Image File Format",""
"154","1","file:/data/kalbeck_1__0077_b.tif","/data/kalbeck_1__0077_b.tif","kalbeck_1__0077_b.tif","Signature","Done","56454917","File","tif","2026-05-20T07:12:51","false","","1","fmt/353","image/tiff","Tagged Image File Format",""
"155","1","file:/data/kalbeck_1__0078_a.tif","/data/kalbeck_1__0078_a.tif","kalbeck_1__0078_a.tif","Signature","Done","55872235","File","tif","2026-05-20T07:12:53","false","","1","fmt/353","image/tiff","Tagged Image File Format",""
"156","1","file:/data/kalbeck_1__0078_b.tif","/data/kalbeck_1__0078_b.tif","kalbeck_1__0078_b.tif","Signature","Done","56216791","File","tif","2026-05-20T07:12:53","false","","1","fmt/353","image/tiff","Tagged Image File Format",""
"157","1","file:/data/kalbeck_1__0079_b.tif","/data/kalbeck_1__0079_b.tif","kalbeck_1__0079_b.tif","Signature","Done","57178771","File","tif","2026-05-20T07:12:55","false","","1","fmt/353","image/tiff","Tagged Image File Format",""
"158","1","file:/data/kalbeck_1__0079_a.tif","/data/kalbeck_1__0079_a.tif","kalbeck_1__0079_a.tif","Signature","Done","56450011","File","tif","2026-05-20T07:12:55","false","","1","fmt/353","image/tiff","Tagged Image File Format",""
"159","1","file:/data/kalbeck_1__0080_a.tif","/data/kalbeck_1__0080_a.tif","kalbeck_1__0080_a.tif","Signature","Done","57034285","File","tif","2026-05-20T07:12:57","false","","1","fmt/353","image/tiff","Tagged Image File Format",""
"160","1","file:/data/kalbeck_1__0080_b.tif","/data/kalbeck_1__0080_b.tif","kalbeck_1__0080_b.tif","Signature","Done","56979977","File","tif","2026-05-20T07:12:58","false","","1","fmt/353","image/tiff","Tagged Image File Format",""
"161","1","file:/data/kalbeck_1__0081_a.tif","/data/kalbeck_1__0081_a.tif","kalbeck_1__0081_a.tif","Signature","Done","57367649","File","tif","2026-05-20T07:12:59","false","","1","fmt/353","image/tiff","Tagged Image File Format",""
"162","1","file:/data/kalbeck_1__0081_b.tif","/data/kalbeck_1__0081_b.tif","kalbeck_1__0081_b.tif","Signature","Done","58303777","File","tif","2026-05-20T07:13:00","false","","1","fmt/353","image/tiff","Tagged Image File Format",""
"163","1","file:/data/kalbeck_1__0082_a.tif","/data/kalbeck_1__0082_a.tif","kalbeck_1__0082_a.tif","Signature","Done","58699579","File","tif","2026-05-20T07:13:01","false","","1","fmt/353","image/tiff","Tagged Image File Format",""
"164","1","file:/data/kalbeck_1__0082_b.tif","/data/kalbeck_1__0082_b.tif","kalbeck_1__0082_b.tif","Signature","Done","55272823","File","tif","2026-05-20T07:13:02","false","","1","fmt/353","image/tiff","Tagged Image File Format",""
"165","1","file:/data/kalbeck_1__0083_a.tif","/data/kalbeck_1__0083_a.tif","kalbeck_1__0083_a.tif","Signature","Done","54871995","File","tif","2026-05-20T07:13:03","false","","1","fmt/353","image/tiff","Tagged Image File Format",""
"166","1","file:/data/kalbeck_1__0084_a.tif","/data/kalbeck_1__0084_a.tif","kalbeck_1__0084_a.tif","Signature","Done","54751271","File","tif","2026-05-20T07:13:06","false","","1","fmt/353","image/tiff","Tagged Image File Format",""
"167","1","file:/data/kalbeck_1__0083_b.tif","/data/kalbeck_1__0083_b.tif","kalbeck_1__0083_b.tif","Signature","Done","56356947","File","tif","2026-05-20T07:13:04","false","","1","fmt/353","image/tiff","Tagged Image File Format",""
"168","1","file:/data/kalbeck_1__0084_b.tif","/data/kalbeck_1__0084_b.tif","kalbeck_1__0084_b.tif","Signature","Done","55437951","File","tif","2026-05-20T07:13:06","false","","1","fmt/353","image/tiff","Tagged Image File Format",""
"169","1","file:/data/kalbeck_1__0085_a.tif","/data/kalbeck_1__0085_a.tif","kalbeck_1__0085_a.tif","Signature","Done","54907369","File","tif","2026-05-20T07:13:08","false","","1","fmt/353","image/tiff","Tagged Image File Format",""
"170","1","file:/data/kalbeck_1__0086_b.tif","/data/kalbeck_1__0086_b.tif","kalbeck_1__0086_b.tif","Signature","Done","57638083","File","tif","2026-05-20T07:13:11","false","","1","fmt/353","image/tiff","Tagged Image File Format",""
"171","1","file:/data/kalbeck_1__0085_b.tif","/data/kalbeck_1__0085_b.tif","kalbeck_1__0085_b.tif","Signature","Done","54857503","File","tif","2026-05-20T07:13:08","false","","1","fmt/353","image/tiff","Tagged Image File Format",""
"172","1","file:/data/kalbeck_1__0086_a.tif","/data/kalbeck_1__0086_a.tif","kalbeck_1__0086_a.tif","Signature","Done","55319721","File","tif","2026-05-20T07:13:10","false","","1","fmt/353","image/tiff","Tagged Image File Format",""
"173","1","file:/data/kalbeck_1__0088_b.tif","/data/kalbeck_1__0088_b.tif","kalbeck_1__0088_b.tif","Signature","Done","57841763","File","tif","2026-05-20T07:13:15","false","","1","fmt/353","image/tiff","Tagged Image File Format",""
"174","1","file:/data/kalbeck_1__0087_b.tif","/data/kalbeck_1__0087_b.tif","kalbeck_1__0087_b.tif","Signature","Done","56675261","File","tif","2026-05-20T07:13:13","false","","1","fmt/353","image/tiff","Tagged Image File Format",""
"175","1","file:/data/kalbeck_1__0087_a.tif","/data/kalbeck_1__0087_a.tif","kalbeck_1__0087_a.tif","Signature","Done","57671395","File","tif","2026-05-20T07:13:12","false","","1","fmt/353","image/tiff","Tagged Image File Format",""
"176","1","file:/data/kalbeck_1__0089_a.tif","/data/kalbeck_1__0089_a.tif","kalbeck_1__0089_a.tif","Signature","Done","57098987","File","tif","2026-05-20T07:13:16","false","","1","fmt/353","image/tiff","Tagged Image File Format",""
"177","1","file:/data/kalbeck_1__0088_a.tif","/data/kalbeck_1__0088_a.tif","kalbeck_1__0088_a.tif","Signature","Done","57502269","File","tif","2026-05-20T07:13:14","false","","1","fmt/353","image/tiff","Tagged Image File Format",""
"178","1","file:/data/kalbeck_1__0089_b.tif","/data/kalbeck_1__0089_b.tif","kalbeck_1__0089_b.tif","Signature","Done","55912401","File","tif","2026-05-20T07:13:17","false","","1","fmt/353","image/tiff","Tagged Image File Format",""
"179","1","file:/data/kalbeck_1__0090_a.tif","/data/kalbeck_1__0090_a.tif","kalbeck_1__0090_a.tif","Signature","Done","55337087","File","tif","2026-05-20T07:13:19","false","","1","fmt/353","image/tiff","Tagged Image File Format",""
"180","1","file:/data/kalbeck_1__0091_a.tif","/data/kalbeck_1__0091_a.tif","kalbeck_1__0091_a.tif","Signature","Done","54357901","File","tif","2026-05-20T07:13:21","false","","1","fmt/353","image/tiff","Tagged Image File Format",""
"181","1","file:/data/kalbeck_1__0090_b.tif","/data/kalbeck_1__0090_b.tif","kalbeck_1__0090_b.tif","Signature","Done","54853255","File","tif","2026-05-20T07:13:19","false","","1","fmt/353","image/tiff","Tagged Image File Format",""
"182","1","file:/data/kalbeck_1__0091_b.tif","/data/kalbeck_1__0091_b.tif","kalbeck_1__0091_b.tif","Signature","Done","56011621","File","tif","2026-05-20T07:13:21","false","","1","fmt/353","image/tiff","Tagged Image File Format",""
"183","1","file:/data/kalbeck_1__0092_a.tif","/data/kalbeck_1__0092_a.tif","kalbeck_1__0092_a.tif","Signature","Done","55817945","File","tif","2026-05-20T07:13:23","false","","1","fmt/353","image/tiff","Tagged Image File Format",""
"184","1","file:/data/kalbeck_1__0093_b.tif","/data/kalbeck_1__0093_b.tif","kalbeck_1__0093_b.tif","Signature","Done","57119881","File","tif","2026-05-20T07:13:26","false","","1","fmt/353","image/tiff","Tagged Image File Format",""
"185","1","file:/data/kalbeck_1__0092_b.tif","/data/kalbeck_1__0092_b.tif","kalbeck_1__0092_b.tif","Signature","Done","58218159","File","tif","2026-05-20T07:13:24","false","","1","fmt/353","image/tiff","Tagged Image File Format",""
"186","1","file:/data/kalbeck_1__0094_a.tif","/data/kalbeck_1__0094_a.tif","kalbeck_1__0094_a.tif","Signature","Done","55850435","File","tif","2026-05-20T07:13:27","false","","1","fmt/353","image/tiff","Tagged Image File Format",""
"187","1","file:/data/kalbeck_1__0093_a.tif","/data/kalbeck_1__0093_a.tif","kalbeck_1__0093_a.tif","Signature","Done","56886725","File","tif","2026-05-20T07:13:25","false","","1","fmt/353","image/tiff","Tagged Image File Format",""
"188","1","file:/data/kalbeck_1__0094_b.tif","/data/kalbeck_1__0094_b.tif","kalbeck_1__0094_b.tif","Signature","Done","56126879","File","tif","2026-05-20T07:13:28","false","","1","fmt/353","image/tiff","Tagged Image File Format",""
"189","1","file:/data/kalbeck_1__0095_a.tif","/data/kalbeck_1__0095_a.tif","kalbeck_1__0095_a.tif","Signature","Done","55339953","File","tif","2026-05-20T07:13:29","false","","1","fmt/353","image/tiff","Tagged Image File Format",""
"190","1","file:/data/kalbeck_1__0095_b.tif","/data/kalbeck_1__0095_b.tif","kalbeck_1__0095_b.tif","Signature","Done","56933093","File","tif","2026-05-20T07:13:30","false","","1","fmt/353","image/tiff","Tagged Image File Format",""
"191","1","file:/data/kalbeck_1__0096_b.tif","/data/kalbeck_1__0096_b.tif","kalbeck_1__0096_b.tif","Signature","Done","57002771","File","tif","2026-05-20T07:13:32","false","","1","fmt/353","image/tiff","Tagged Image File Format",""
"192","1","file:/data/kalbeck_1__0096_a.tif","/data/kalbeck_1__0096_a.tif","kalbeck_1__0096_a.tif","Signature","Done","56863733","File","tif","2026-05-20T07:13:32","false","","1","fmt/353","image/tiff","Tagged Image File Format",""
"193","1","file:/data/kalbeck_1__0097_b.tif","/data/kalbeck_1__0097_b.tif","kalbeck_1__0097_b.tif","Signature","Done","55198671","File","tif","2026-05-20T07:13:34","false","","1","fmt/353","image/tiff","Tagged Image File Format",""
"194","1","file:/data/kalbeck_1__0097_a.tif","/data/kalbeck_1__0097_a.tif","kalbeck_1__0097_a.tif","Signature","Done","57617237","File","tif","2026-05-20T07:13:34","false","","1","fmt/353","image/tiff","Tagged Image File Format",""
"195","1","file:/data/kalbeck_1__0193.tif","/data/kalbeck_1__0193.tif","kalbeck_1__0193.tif","Signature","Done","96366906","File","tif","2026-05-20T07:05:51","false","","1","fmt/353","image/tiff","Tagged Image File Format",""
"196","1","file:/data/kalbeck_1__0098_b.tif","/data/kalbeck_1__0098_b.tif","kalbeck_1__0098_b.tif","Signature","Done","55721479","File","tif","2026-05-20T07:13:37","false","","1","fmt/353","image/tiff","Tagged Image File Format",""
"197","1","file:/data/kalbeck_1__0099_a.tif","/data/kalbeck_1__0099_a.tif","kalbeck_1__0099_a.tif","Signature","Done","55459087","File","tif","2026-05-20T07:13:38","false","","1","fmt/353","image/tiff","Tagged Image File Format",""
"198","1","file:/data/kalbeck_1__0100_b.tif","/data/kalbeck_1__0100_b.tif","kalbeck_1__0100_b.tif","Signature","Done","56875887","File","tif","2026-05-20T07:13:41","false","","1","fmt/353","image/tiff","Tagged Image File Format",""
"199","1","file:/data/kalbeck_1__0100_a.tif","/data/kalbeck_1__0100_a.tif","kalbeck_1__0100_a.tif","Signature","Done","54859143","File","tif","2026-05-20T07:13:40","false","","1","fmt/353","image/tiff","Tagged Image File Format",""
"200","1","file:/data/kalbeck_1__0101_a.tif","/data/kalbeck_1__0101_a.tif","kalbeck_1__0101_a.tif","Signature","Done","57851149","File","tif","2026-05-20T07:13:42","false","","1","fmt/353","image/tiff","Tagged Image File Format",""
"201","1","file:/data/kalbeck_1__0099_b.tif","/data/kalbeck_1__0099_b.tif","kalbeck_1__0099_b.tif","Signature","Done","55721485","File","tif","2026-05-20T07:13:39","false","","1","fmt/353","image/tiff","Tagged Image File Format",""
"202","1","file:/data/kalbeck_1__0101_b.tif","/data/kalbeck_1__0101_b.tif","kalbeck_1__0101_b.tif","Signature","Done","58219057","File","tif","2026-05-20T07:13:43","false","","1","fmt/353","image/tiff","Tagged Image File Format",""
"203","1","file:/data/kalbeck_1__0098_a.tif","/data/kalbeck_1__0098_a.tif","kalbeck_1__0098_a.tif","Signature","Done","56033065","File","tif","2026-05-20T07:13:36","false","","1","fmt/353","image/tiff","Tagged Image File Format",""
"204","1","file:/data/kalbeck_1__0102_a.tif","/data/kalbeck_1__0102_a.tif","kalbeck_1__0102_a.tif","Signature","Done","57218085","File","tif","2026-05-20T07:13:44","false","","1","fmt/353","image/tiff","Tagged Image File Format",""
"205","1","file:/data/kalbeck_1__0102_b.tif","/data/kalbeck_1__0102_b.tif","kalbeck_1__0102_b.tif","Signature","Done","57380791","File","tif","2026-05-20T07:13:45","false","","1","fmt/353","image/tiff","Tagged Image File Format",""
"206","1","file:/data/kalbeck_1__0103_a.tif","/data/kalbeck_1__0103_a.tif","kalbeck_1__0103_a.tif","Signature","Done","57320789","File","tif","2026-05-20T07:13:47","false","","1","fmt/353","image/tiff","Tagged Image File Format",""
"207","1","file:/data/kalbeck_1__0103_b.tif","/data/kalbeck_1__0103_b.tif","kalbeck_1__0103_b.tif","Signature","Done","56361471","File","tif","2026-05-20T07:13:47","false","","1","fmt/353","image/tiff","Tagged Image File Format",""
"208","1","file:/data/kalbeck_1__0106_a.tif","/data/kalbeck_1__0106_a.tif","kalbeck_1__0106_a.tif","Signature","Done","57560961","File","tif","2026-05-20T07:13:53","false","","1","fmt/353","image/tiff","Tagged Image File Format",""
"209","1","file:/data/kalbeck_1__0108_a.tif","/data/kalbeck_1__0108_a.tif","kalbeck_1__0108_a.tif","Signature","Done","58559627","File","tif","2026-05-20T07:13:57","false","","1","fmt/353","image/tiff","Tagged Image File Format",""
"210","1","file:/data/kalbeck_1__0106_b.tif","/data/kalbeck_1__0106_b.tif","kalbeck_1__0106_b.tif","Signature","Done","57974531","File","tif","2026-05-20T07:13:54","false","","1","fmt/353","image/tiff","Tagged Image File Format",""
"211","1","file:/data/kalbeck_1__0105_a.tif","/data/kalbeck_1__0105_a.tif","kalbeck_1__0105_a.tif","Signature","Done","57859961","File","tif","2026-05-20T07:13:51","false","","1","fmt/353","image/tiff","Tagged Image File Format",""
"212","1","file:/data/kalbeck_1__0105_b.tif","/data/kalbeck_1__0105_b.tif","kalbeck_1__0105_b.tif","Signature","Done","58077891","File","tif","2026-05-20T07:13:52","false","","1","fmt/353","image/tiff","Tagged Image File Format",""
"213","1","file:/data/kalbeck_1__0107_a.tif","/data/kalbeck_1__0107_a.tif","kalbeck_1__0107_a.tif","Signature","Done","58644547","File","tif","2026-05-20T07:13:55","false","","1","fmt/353","image/tiff","Tagged Image File Format",""
"214","1","file:/data/kalbeck_1__0104_b.tif","/data/kalbeck_1__0104_b.tif","kalbeck_1__0104_b.tif","Signature","Done","56968011","File","tif","2026-05-20T07:13:49","false","","1","fmt/353","image/tiff","Tagged Image File Format",""
"215","1","file:/data/kalbeck_1__0104_a.tif","/data/kalbeck_1__0104_a.tif","kalbeck_1__0104_a.tif","Signature","Done","56668259","File","tif","2026-05-20T07:13:49","false","","1","fmt/353","image/tiff","Tagged Image File Format",""
"216","1","file:/data/kalbeck_1__0107_b.tif","/data/kalbeck_1__0107_b.tif","kalbeck_1__0107_b.tif","Signature","Done","59079423","File","tif","2026-05-20T07:13:56","false","","1","fmt/353","image/tiff","Tagged Image File Format",""
"217","1","file:/data/kalbeck_1__0108_b.tif","/data/kalbeck_1__0108_b.tif","kalbeck_1__0108_b.tif","Signature","Done","58204989","File","tif","2026-05-20T07:13:58","false","","1","fmt/353","image/tiff","Tagged Image File Format",""
"218","1","file:/data/kalbeck_1__0109_a.tif","/data/kalbeck_1__0109_a.tif","kalbeck_1__0109_a.tif","Signature","Done","57819857","File","tif","2026-05-20T07:13:59","false","","1","fmt/353","image/tiff","Tagged Image File Format",""
"219","1","file:/data/kalbeck_1__0110_a.tif","/data/kalbeck_1__0110_a.tif","kalbeck_1__0110_a.tif","Signature","Done","58114583","File","tif","2026-05-20T07:14:02","false","","1","fmt/353","image/tiff","Tagged Image File Format",""
"220","1","file:/data/kalbeck_1__0109_b.tif","/data/kalbeck_1__0109_b.tif","kalbeck_1__0109_b.tif","Signature","Done","57916383","File","tif","2026-05-20T07:14:00","false","","1","fmt/353","image/tiff","Tagged Image File Format",""
"221","1","file:/data/kalbeck_1__0110_b.tif","/data/kalbeck_1__0110_b.tif","kalbeck_1__0110_b.tif","Signature","Done","57327179","File","tif","2026-05-20T07:14:02","false","","1","fmt/353","image/tiff","Tagged Image File Format",""
"222","1","file:/data/kalbeck_1__0113_a.tif","/data/kalbeck_1__0113_a.tif","kalbeck_1__0113_a.tif","Signature","Done","58933953","File","tif","2026-05-20T07:14:08","false","","1","fmt/353","image/tiff","Tagged Image File Format",""
"223","1","file:/data/kalbeck_1__0111_a.tif","/data/kalbeck_1__0111_a.tif","kalbeck_1__0111_a.tif","Signature","Done","58518633","File","tif","2026-05-20T07:14:04","false","","1","fmt/353","image/tiff","Tagged Image File Format",""
"224","1","file:/data/kalbeck_1__0112_a.tif","/data/kalbeck_1__0112_a.tif","kalbeck_1__0112_a.tif","Signature","Done","57313633","File","tif","2026-05-20T07:14:06","false","","1","fmt/353","image/tiff","Tagged Image File Format",""
"225","1","file:/data/kalbeck_1__0113_b.tif","/data/kalbeck_1__0113_b.tif","kalbeck_1__0113_b.tif","Signature","Done","57525077","File","tif","2026-05-20T07:14:09","false","","1","fmt/353","image/tiff","Tagged Image File Format",""
"226","1","file:/data/kalbeck_1__0111_b.tif","/data/kalbeck_1__0111_b.tif","kalbeck_1__0111_b.tif","Signature","Done","56616733","File","tif","2026-05-20T07:14:04","false","","1","fmt/353","image/tiff","Tagged Image File Format",""
"227","1","file:/data/kalbeck_1__0112_b.tif","/data/kalbeck_1__0112_b.tif","kalbeck_1__0112_b.tif","Signature","Done","58197909","File","tif","2026-05-20T07:14:07","false","","1","fmt/353","image/tiff","Tagged Image File Format",""
"228","1","file:/data/kalbeck_1__0116_a.tif","/data/kalbeck_1__0116_a.tif","kalbeck_1__0116_a.tif","Signature","Done","60408153","File","tif","2026-05-20T07:14:15","false","","1","fmt/353","image/tiff","Tagged Image File Format",""
"229","1","file:/data/kalbeck_1__0115_a.tif","/data/kalbeck_1__0115_a.tif","kalbeck_1__0115_a.tif","Signature","Done","60277837","File","tif","2026-05-20T07:14:12","false","","1","fmt/353","image/tiff","Tagged Image File Format",""
"230","1","file:/data/kalbeck_1__0114_a.tif","/data/kalbeck_1__0114_a.tif","kalbeck_1__0114_a.tif","Signature","Done","58926151","File","tif","2026-05-20T07:14:10","false","","1","fmt/353","image/tiff","Tagged Image File Format",""
"231","1","file:/data/kalbeck_1__0115_b.tif","/data/kalbeck_1__0115_b.tif","kalbeck_1__0115_b.tif","Signature","Done","61225107","File","tif","2026-05-20T07:14:13","false","","1","fmt/353","image/tiff","Tagged Image File Format",""
"232","1","file:/data/kalbeck_1__0114_b.tif","/data/kalbeck_1__0114_b.tif","kalbeck_1__0114_b.tif","Signature","Done","60030069","File","tif","2026-05-20T07:14:11","false","","1","fmt/353","image/tiff","Tagged Image File Format",""
"233","1","file:/data/kalbeck_1__0116_b.tif","/data/kalbeck_1__0116_b.tif","kalbeck_1__0116_b.tif","Signature","Done","59625947","File","tif","2026-05-20T07:14:15","false","","1","fmt/353","image/tiff","Tagged Image File Format",""
"234","1","file:/data/kalbeck_1__0117_b.tif","/data/kalbeck_1__0117_b.tif","kalbeck_1__0117_b.tif","Signature","Done","58335949","File","tif","2026-05-20T07:14:17","false","","1","fmt/353","image/tiff","Tagged Image File Format",""
"235","1","file:/data/kalbeck_1__0118_b.tif","/data/kalbeck_1__0118_b.tif","kalbeck_1__0118_b.tif","Signature","Done","58101027","File","tif","2026-05-20T07:14:20","false","","1","fmt/353","image/tiff","Tagged Image File Format",""
"236","1","file:/data/kalbeck_1__0117_a.tif","/data/kalbeck_1__0117_a.tif","kalbeck_1__0117_a.tif","Signature","Done","58568989","File","tif","2026-05-20T07:14:17","false","","1","fmt/353","image/tiff","Tagged Image File Format",""
"237","1","file:/data/kalbeck_1__0119_a.tif","/data/kalbeck_1__0119_a.tif","kalbeck_1__0119_a.tif","Signature","Done","59795487","File","tif","2026-05-20T07:14:21","false","","1","fmt/353","image/tiff","Tagged Image File Format",""
"238","1","file:/data/kalbeck_1__0118_a.tif","/data/kalbeck_1__0118_a.tif","kalbeck_1__0118_a.tif","Signature","Done","57537819","File","tif","2026-05-20T07:14:19","false","","1","fmt/353","image/tiff","Tagged Image File Format",""
"239","1","file:/data/kalbeck_1__0120_b.tif","/data/kalbeck_1__0120_b.tif","kalbeck_1__0120_b.tif","Signature","Done","61283201","File","tif","2026-05-20T07:14:24","false","","1","fmt/353","image/tiff","Tagged Image File Format",""
"240","1","file:/data/kalbeck_1__0120_a.tif","/data/kalbeck_1__0120_a.tif","kalbeck_1__0120_a.tif","Signature","Done","60017639","File","tif","2026-05-20T07:14:23","false","","1","fmt/353","image/tiff","Tagged Image File Format",""
"241","1","file:/data/kalbeck_1__0119_b.tif","/data/kalbeck_1__0119_b.tif","kalbeck_1__0119_b.tif","Signature","Done","60855799","File","tif","2026-05-20T07:14:22","false","","1","fmt/353","image/tiff","Tagged Image File Format",""
"242","1","file:/data/kalbeck_1__0121_b.tif","/data/kalbeck_1__0121_b.tif","kalbeck_1__0121_b.tif","Signature","Done","57606487","File","tif","2026-05-20T07:14:26","false","","1","fmt/353","image/tiff","Tagged Image File Format",""
"243","1","file:/data/kalbeck_1__0123_a.tif","/data/kalbeck_1__0123_a.tif","kalbeck_1__0123_a.tif","Signature","Done","59554311","File","tif","2026-05-20T07:14:30","false","","1","fmt/353","image/tiff","Tagged Image File Format",""
"244","1","file:/data/kalbeck_1__0121_a.tif","/data/kalbeck_1__0121_a.tif","kalbeck_1__0121_a.tif","Signature","Done","60888979","File","tif","2026-05-20T07:14:25","false","","1","fmt/353","image/tiff","Tagged Image File Format",""
"245","1","file:/data/kalbeck_1__0122_a.tif","/data/kalbeck_1__0122_a.tif","kalbeck_1__0122_a.tif","Signature","Done","58619255","File","tif","2026-05-20T07:14:28","false","","1","fmt/353","image/tiff","Tagged Image File Format",""
"246","1","file:/data/kalbeck_1__0122_b.tif","/data/kalbeck_1__0122_b.tif","kalbeck_1__0122_b.tif","Signature","Done","60172275","File","tif","2026-05-20T07:14:28","false","","1","fmt/353","image/tiff","Tagged Image File Format",""
"247","1","file:/data/kalbeck_1__0123_b.tif","/data/kalbeck_1__0123_b.tif","kalbeck_1__0123_b.tif","Signature","Done","59030179","File","tif","2026-05-20T07:14:30","false","","1","fmt/353","image/tiff","Tagged Image File Format",""
"248","1","file:/data/kalbeck_1__0124_a.tif","/data/kalbeck_1__0124_a.tif","kalbeck_1__0124_a.tif","Signature","Done","59022807","File","tif","2026-05-20T07:14:32","false","","1","fmt/353","image/tiff","Tagged Image File Format",""
"249","1","file:/data/kalbeck_1__0124_b.tif","/data/kalbeck_1__0124_b.tif","kalbeck_1__0124_b.tif","Signature","Done","60086753","File","tif","2026-05-20T07:14:33","false","","1","fmt/353","image/tiff","Tagged Image File Format",""
"250","1","file:/data/kalbeck_1__0126_a.tif","/data/kalbeck_1__0126_a.tif","kalbeck_1__0126_a.tif","Signature","Done","56594571","File","tif","2026-05-20T07:14:36","false","","1","fmt/353","image/tiff","Tagged Image File Format",""
"251","1","file:/data/kalbeck_1__0127_a.tif","/data/kalbeck_1__0127_a.tif","kalbeck_1__0127_a.tif","Signature","Done","58937571","File","tif","2026-05-20T07:14:38","false","","1","fmt/353","image/tiff","Tagged Image File Format",""
"252","1","file:/data/kalbeck_1__0128_a.tif","/data/kalbeck_1__0128_a.tif","kalbeck_1__0128_a.tif","Signature","Done","58011047","File","tif","2026-05-20T07:14:41","false","","1","fmt/353","image/tiff","Tagged Image File Format",""
"253","1","file:/data/kalbeck_1__0126_b.tif","/data/kalbeck_1__0126_b.tif","kalbeck_1__0126_b.tif","Signature","Done","57608153","File","tif","2026-05-20T07:14:37","false","","1","fmt/353","image/tiff","Tagged Image File Format",""
"254","1","file:/data/kalbeck_1__0125_a.tif","/data/kalbeck_1__0125_a.tif","kalbeck_1__0125_a.tif","Signature","Done","58479881","File","tif","2026-05-20T07:14:34","false","","1","fmt/353","image/tiff","Tagged Image File Format",""
"255","1","file:/data/kalbeck_1__0125_b.tif","/data/kalbeck_1__0125_b.tif","kalbeck_1__0125_b.tif","Signature","Done","55957041","File","tif","2026-05-20T07:14:35","false","","1","fmt/353","image/tiff","Tagged Image File Format",""
"256","1","file:/data/kalbeck_1__0127_b.tif","/data/kalbeck_1__0127_b.tif","kalbeck_1__0127_b.tif","Signature","Done","58549703","File","tif","2026-05-20T07:14:39","false","","1","fmt/353","image/tiff","Tagged Image File Format",""
"257","1","file:/data/kalbeck_1__0129_a.tif","/data/kalbeck_1__0129_a.tif","kalbeck_1__0129_a.tif","Signature","Done","58475789","File","tif","2026-05-20T07:14:43","false","","1","fmt/353","image/tiff","Tagged Image File Format",""
"258","1","file:/data/kalbeck_1__0130_a.tif","/data/kalbeck_1__0130_a.tif","kalbeck_1__0130_a.tif","Signature","Done","58233103","File","tif","2026-05-20T07:14:45","false","","1","fmt/353","image/tiff","Tagged Image File Format",""
"259","1","file:/data/kalbeck_1__0128_b.tif","/data/kalbeck_1__0128_b.tif","kalbeck_1__0128_b.tif","Signature","Done","58545471","File","tif","2026-05-20T07:14:41","false","","1","fmt/353","image/tiff","Tagged Image File Format",""
"260","1","file:/data/kalbeck_1__0129_b.tif","/data/kalbeck_1__0129_b.tif","kalbeck_1__0129_b.tif","Signature","Done","57460187","File","tif","2026-05-20T07:14:43","false","","1","fmt/353","image/tiff","Tagged Image File Format",""
"261","1","file:/data/kalbeck_1__0131_b.tif","/data/kalbeck_1__0131_b.tif","kalbeck_1__0131_b.tif","Signature","Done","56708637","File","tif","2026-05-20T07:14:48","false","","1","fmt/353","image/tiff","Tagged Image File Format",""
"262","1","file:/data/kalbeck_1__0130_b.tif","/data/kalbeck_1__0130_b.tif","kalbeck_1__0130_b.tif","Signature","Done","57042293","File","tif","2026-05-20T07:14:46","false","","1","fmt/353","image/tiff","Tagged Image File Format",""
"263","1","file:/data/kalbeck_1__0131_a.tif","/data/kalbeck_1__0131_a.tif","kalbeck_1__0131_a.tif","Signature","Done","59982709","File","tif","2026-05-20T07:14:47","false","","1","fmt/353","image/tiff","Tagged Image File Format",""
"264","1","file:/data/kalbeck_1__0132_a.tif","/data/kalbeck_1__0132_a.tif","kalbeck_1__0132_a.tif","Signature","Done","58868795","File","tif","2026-05-20T07:14:49","false","","1","fmt/353","image/tiff","Tagged Image File Format",""
"265","1","file:/data/kalbeck_1__0132_b.tif","/data/kalbeck_1__0132_b.tif","kalbeck_1__0132_b.tif","Signature","Done","59031949","File","tif","2026-05-20T07:14:50","false","","1","fmt/353","image/tiff","Tagged Image File Format",""
"266","1","file:/data/kalbeck_1__0133_b.tif","/data/kalbeck_1__0133_b.tif","kalbeck_1__0133_b.tif","Signature","Done","59106711","File","tif","2026-05-20T07:14:52","false","","1","fmt/353","image/tiff","Tagged Image File Format",""
"267","1","file:/data/kalbeck_1__0133_a.tif","/data/kalbeck_1__0133_a.tif","kalbeck_1__0133_a.tif","Signature","Done","59051427","File","tif","2026-05-20T07:14:51","false","","1","fmt/353","image/tiff","Tagged Image File Format",""
"268","1","file:/data/kalbeck_1__0134_a.tif","/data/kalbeck_1__0134_a.tif","kalbeck_1__0134_a.tif","Signature","Done","59226059","File","tif","2026-05-20T07:14:54","false","","1","fmt/353","image/tiff","Tagged Image File Format",""
"269","1","file:/data/kalbeck_1__0134_b.tif","/data/kalbeck_1__0134_b.tif","kalbeck_1__0134_b.tif","Signature","Done","59290883","File","tif","2026-05-20T07:14:54","false","","1","fmt/353","image/tiff","Tagged Image File Format",""
"270","1","file:/data/kalbeck_1__0135_a.tif","/data/kalbeck_1__0135_a.tif","kalbeck_1__0135_a.tif","Signature","Done","59052239","File","tif","2026-05-20T07:14:56","false","","1","fmt/353","image/tiff","Tagged Image File Format",""
"271","1","file:/data/kalbeck_1__0135_b.tif","/data/kalbeck_1__0135_b.tif","kalbeck_1__0135_b.tif","Signature","Done","59402439","File","tif","2026-05-20T07:14:56","false","","1","fmt/353","image/tiff","Tagged Image File Format",""
"272","1","file:/data/kalbeck_1__0136_a.tif","/data/kalbeck_1__0136_a.tif","kalbeck_1__0136_a.tif","Signature","Done","58664301","File","tif","2026-05-20T07:14:58","false","","1","fmt/353","image/tiff","Tagged Image File Format",""
"273","1","file:/data/kalbeck_1__0136_b.tif","/data/kalbeck_1__0136_b.tif","kalbeck_1__0136_b.tif","Signature","Done","59935459","File","tif","2026-05-20T07:14:59","false","","1","fmt/353","image/tiff","Tagged Image File Format",""
"274","1","file:/data/kalbeck_1__0137_a.tif","/data/kalbeck_1__0137_a.tif","kalbeck_1__0137_a.tif","Signature","Done","59440419","File","tif","2026-05-20T07:15:00","false","","1","fmt/353","image/tiff","Tagged Image File Format",""
"275","1","file:/data/kalbeck_1__0137_b.tif","/data/kalbeck_1__0137_b.tif","kalbeck_1__0137_b.tif","Signature","Done","57042661","File","tif","2026-05-20T07:15:01","false","","1","fmt/353","image/tiff","Tagged Image File Format",""
"276","1","file:/data/kalbeck_1__0138_a.tif","/data/kalbeck_1__0138_a.tif","kalbeck_1__0138_a.tif","Signature","Done","58952123","File","tif","2026-05-20T07:15:02","false","","1","fmt/353","image/tiff","Tagged Image File Format",""
"277","1","file:/data/kalbeck_1__0140_b.tif","/data/kalbeck_1__0140_b.tif","kalbeck_1__0140_b.tif","Signature","Done","58304453","File","tif","2026-05-20T07:15:07","false","","1","fmt/353","image/tiff","Tagged Image File Format",""
"278","1","file:/data/kalbeck_1__0138_b.tif","/data/kalbeck_1__0138_b.tif","kalbeck_1__0138_b.tif","Signature","Done","59141811","File","tif","2026-05-20T07:15:03","false","","1","fmt/353","image/tiff","Tagged Image File Format",""
"279","1","file:/data/kalbeck_1__0139_a.tif","/data/kalbeck_1__0139_a.tif","kalbeck_1__0139_a.tif","Signature","Done","58247631","File","tif","2026-05-20T07:15:04","false","","1","fmt/353","image/tiff","Tagged Image File Format",""
"280","1","file:/data/kalbeck_1__0141_a.tif","/data/kalbeck_1__0141_a.tif","kalbeck_1__0141_a.tif","Signature","Done","58580279","File","tif","2026-05-20T07:15:09","false","","1","fmt/353","image/tiff","Tagged Image File Format",""
"281","1","file:/data/kalbeck_1__0139_b.tif","/data/kalbeck_1__0139_b.tif","kalbeck_1__0139_b.tif","Signature","Done","56386397","File","tif","2026-05-20T07:15:05","false","","1","fmt/353","image/tiff","Tagged Image File Format",""
"282","1","file:/data/kalbeck_1__0140_a.tif","/data/kalbeck_1__0140_a.tif","kalbeck_1__0140_a.tif","Signature","Done","58249265","File","tif","2026-05-20T07:15:07","false","","1","fmt/353","image/tiff","Tagged Image File Format",""
"283","1","file:/data/kalbeck_1__0142_a.tif","/data/kalbeck_1__0142_a.tif","kalbeck_1__0142_a.tif","Signature","Done","58011259","File","tif","2026-05-20T07:15:11","false","","1","fmt/353","image/tiff","Tagged Image File Format",""
"284","1","file:/data/kalbeck_1__0141_b.tif","/data/kalbeck_1__0141_b.tif","kalbeck_1__0141_b.tif","Signature","Done","58989479","File","tif","2026-05-20T07:15:10","false","","1","fmt/353","image/tiff","Tagged Image File Format",""
"285","1","file:/data/kalbeck_1__0143_a.tif","/data/kalbeck_1__0143_a.tif","kalbeck_1__0143_a.tif","Signature","Done","58285259","File","tif","2026-05-20T07:15:13","false","","1","fmt/353","image/tiff","Tagged Image File Format",""
"286","1","file:/data/kalbeck_1__0142_b.tif","/data/kalbeck_1__0142_b.tif","kalbeck_1__0142_b.tif","Signature","Done","57615137","File","tif","2026-05-20T07:15:12","false","","1","fmt/353","image/tiff","Tagged Image File Format",""
"287","1","file:/data/kalbeck_1__0144_a.tif","/data/kalbeck_1__0144_a.tif","kalbeck_1__0144_a.tif","Signature","Done","59035875","File","tif","2026-05-20T07:15:15","false","","1","fmt/353","image/tiff","Tagged Image File Format",""
"288","1","file:/data/kalbeck_1__0143_b.tif","/data/kalbeck_1__0143_b.tif","kalbeck_1__0143_b.tif","Signature","Done","56693169","File","tif","2026-05-20T07:15:14","false","","1","fmt/353","image/tiff","Tagged Image File Format",""
"289","1","file:/data/kalbeck_1__0144_b.tif","/data/kalbeck_1__0144_b.tif","kalbeck_1__0144_b.tif","Signature","Done","59122187","File","tif","2026-05-20T07:15:16","false","","1","fmt/353","image/tiff","Tagged Image File Format",""
"290","1","file:/data/kalbeck_1__0145_a.tif","/data/kalbeck_1__0145_a.tif","kalbeck_1__0145_a.tif","Signature","Done","59451095","File","tif","2026-05-20T07:15:18","false","","1","fmt/353","image/tiff","Tagged Image File Format",""
"291","1","file:/data/kalbeck_1__0145_b.tif","/data/kalbeck_1__0145_b.tif","kalbeck_1__0145_b.tif","Signature","Done","58291565","File","tif","2026-05-20T07:15:18","false","","1","fmt/353","image/tiff","Tagged Image File Format",""
"292","1","file:/data/kalbeck_1__0146_a.tif","/data/kalbeck_1__0146_a.tif","kalbeck_1__0146_a.tif","Signature","Done","57897253","File","tif","2026-05-20T07:15:20","false","","1","fmt/353","image/tiff","Tagged Image File Format",""
"293","1","file:/data/kalbeck_1__0146_b.tif","/data/kalbeck_1__0146_b.tif","kalbeck_1__0146_b.tif","Signature","Done","59591739","File","tif","2026-05-20T07:15:20","false","","1","fmt/353","image/tiff","Tagged Image File Format",""
"294","1","file:/data/kalbeck_1__0148_b.tif","/data/kalbeck_1__0148_b.tif","kalbeck_1__0148_b.tif","Signature","Done","58042553","File","tif","2026-05-20T07:15:25","false","","1","fmt/353","image/tiff","Tagged Image File Format",""
"295","1","file:/data/kalbeck_1__0147_a.tif","/data/kalbeck_1__0147_a.tif","kalbeck_1__0147_a.tif","Signature","Done","59547873","File","tif","2026-05-20T07:15:22","false","","1","fmt/353","image/tiff","Tagged Image File Format",""
"296","1","file:/data/kalbeck_1__0147_b.tif","/data/kalbeck_1__0147_b.tif","kalbeck_1__0147_b.tif","Signature","Done","59546467","File","tif","2026-05-20T07:15:23","false","","1","fmt/353","image/tiff","Tagged Image File Format",""
"297","1","file:/data/kalbeck_1__0148_a.tif","/data/kalbeck_1__0148_a.tif","kalbeck_1__0148_a.tif","Signature","Done","58242463","File","tif","2026-05-20T07:15:24","false","","1","fmt/353","image/tiff","Tagged Image File Format",""
"298","1","file:/data/kalbeck_1__0149_a.tif","/data/kalbeck_1__0149_a.tif","kalbeck_1__0149_a.tif","Signature","Done","57323653","File","tif","2026-05-20T07:15:26","false","","1","fmt/353","image/tiff","Tagged Image File Format",""
"299","1","file:/data/kalbeck_1__0150_a.tif","/data/kalbeck_1__0150_a.tif","kalbeck_1__0150_a.tif","Signature","Done","58879833","File","tif","2026-05-20T07:15:29","false","","1","fmt/353","image/tiff","Tagged Image File Format",""
"300","1","file:/data/kalbeck_1__0149_b.tif","/data/kalbeck_1__0149_b.tif","kalbeck_1__0149_b.tif","Signature","Done","59299989","File","tif","2026-05-20T07:15:27","false","","1","fmt/353","image/tiff","Tagged Image File Format",""
"301","1","file:/data/kalbeck_1__0150_b.tif","/data/kalbeck_1__0150_b.tif","kalbeck_1__0150_b.tif","Signature","Done","58867665","File","tif","2026-05-20T07:15:29","false","","1","fmt/353","image/tiff","Tagged Image File Format",""
"302","1","file:/data/kalbeck_1__0152_a.tif","/data/kalbeck_1__0152_a.tif","kalbeck_1__0152_a.tif","Signature","Done","57976735","File","tif","2026-05-20T07:15:33","false","","1","fmt/353","image/tiff","Tagged Image File Format",""
"303","1","file:/data/kalbeck_1__0151_a.tif","/data/kalbeck_1__0151_a.tif","kalbeck_1__0151_a.tif","Signature","Done","58595305","File","tif","2026-05-20T07:15:31","false","","1","fmt/353","image/tiff","Tagged Image File Format",""
"304","1","file:/data/kalbeck_1__0151_b.tif","/data/kalbeck_1__0151_b.tif","kalbeck_1__0151_b.tif","Signature","Done","58325369","File","tif","2026-05-20T07:15:31","false","","1","fmt/353","image/tiff","Tagged Image File Format",""
"305","1","file:/data/kalbeck_1__0152_b.tif","/data/kalbeck_1__0152_b.tif","kalbeck_1__0152_b.tif","Signature","Done","55842245","File","tif","2026-05-20T07:15:34","false","","1","fmt/353","image/tiff","Tagged Image File Format",""
"306","1","file:/data/kalbeck_1__0154_b.tif","/data/kalbeck_1__0154_b.tif","kalbeck_1__0154_b.tif","Signature","Done","57798299","File","tif","2026-05-20T07:15:38","false","","1","fmt/353","image/tiff","Tagged Image File Format",""
"307","1","file:/data/kalbeck_1__0154_a.tif","/data/kalbeck_1__0154_a.tif","kalbeck_1__0154_a.tif","Signature","Done","55527183","File","tif","2026-05-20T07:15:37","false","","1","fmt/353","image/tiff","Tagged Image File Format",""
"308","1","file:/data/kalbeck_1__0153_a.tif","/data/kalbeck_1__0153_a.tif","kalbeck_1__0153_a.tif","Signature","Done","57911003","File","tif","2026-05-20T07:15:35","false","","1","fmt/353","image/tiff","Tagged Image File Format",""
"309","1","file:/data/kalbeck_1__0153_b.tif","/data/kalbeck_1__0153_b.tif","kalbeck_1__0153_b.tif","Signature","Done","55556963","File","tif","2026-05-20T07:15:36","false","","1","fmt/353","image/tiff","Tagged Image File Format",""
"310","1","file:/data/kalbeck_1__0155_a.tif","/data/kalbeck_1__0155_a.tif","kalbeck_1__0155_a.tif","Signature","Done","57764303","File","tif","2026-05-20T07:15:39","false","","1","fmt/353","image/tiff","Tagged Image File Format",""
"311","1","file:/data/kalbeck_1__0155_b.tif","/data/kalbeck_1__0155_b.tif","kalbeck_1__0155_b.tif","Signature","Done","57400139","File","tif","2026-05-20T07:15:40","false","","1","fmt/353","image/tiff","Tagged Image File Format",""
"312","1","file:/data/kalbeck_1__0157_b.tif","/data/kalbeck_1__0157_b.tif","kalbeck_1__0157_b.tif","Signature","Done","57279285","File","tif","2026-05-20T07:15:45","false","","1","fmt/353","image/tiff","Tagged Image File Format",""
"313","1","file:/data/kalbeck_1__0156_a.tif","/data/kalbeck_1__0156_a.tif","kalbeck_1__0156_a.tif","Signature","Done","57659023","File","tif","2026-05-20T07:15:42","false","","1","fmt/353","image/tiff","Tagged Image File Format",""
"314","1","file:/data/kalbeck_1__0157_a.tif","/data/kalbeck_1__0157_a.tif","kalbeck_1__0157_a.tif","Signature","Done","58637373","File","tif","2026-05-20T07:15:44","false","","1","fmt/353","image/tiff","Tagged Image File Format",""
"315","1","file:/data/kalbeck_1__0156_b.tif","/data/kalbeck_1__0156_b.tif","kalbeck_1__0156_b.tif","Signature","Done","58489121","File","tif","2026-05-20T07:15:42","false","","1","fmt/353","image/tiff","Tagged Image File Format",""
"316","1","file:/data/kalbeck_1__0159_a.tif","/data/kalbeck_1__0159_a.tif","kalbeck_1__0159_a.tif","Signature","Done","56858209","File","tif","2026-05-20T07:15:48","false","","1","fmt/353","image/tiff","Tagged Image File Format",""
"317","1","file:/data/kalbeck_1__0158_a.tif","/data/kalbeck_1__0158_a.tif","kalbeck_1__0158_a.tif","Signature","Done","58574877","File","tif","2026-05-20T07:15:46","false","","1","fmt/353","image/tiff","Tagged Image File Format",""
"318","1","file:/data/kalbeck_1__0159_b.tif","/data/kalbeck_1__0159_b.tif","kalbeck_1__0159_b.tif","Signature","Done","56243943","File","tif","2026-05-20T07:15:49","false","","1","fmt/353","image/tiff","Tagged Image File Format",""
"319","1","file:/data/kalbeck_1__0158_b.tif","/data/kalbeck_1__0158_b.tif","kalbeck_1__0158_b.tif","Signature","Done","57818209","File","tif","2026-05-20T07:15:47","false","","1","fmt/353","image/tiff","Tagged Image File Format",""
"320","1","file:/data/kalbeck_1__0160_a.tif","/data/kalbeck_1__0160_a.tif","kalbeck_1__0160_a.tif","Signature","Done","56562545","File","tif","2026-05-20T07:15:50","false","","1","fmt/353","image/tiff","Tagged Image File Format",""
"321","1","file:/data/kalbeck_1__0161_a.tif","/data/kalbeck_1__0161_a.tif","kalbeck_1__0161_a.tif","Signature","Done","58179657","File","tif","2026-05-20T07:15:53","false","","1","fmt/353","image/tiff","Tagged Image File Format",""
"322","1","file:/data/kalbeck_1__0163_a.tif","/data/kalbeck_1__0163_a.tif","kalbeck_1__0163_a.tif","Signature","Done","57523185","File","tif","2026-05-20T07:15:57","false","","1","fmt/353","image/tiff","Tagged Image File Format",""
"323","1","file:/data/kalbeck_1__0162_a.tif","/data/kalbeck_1__0162_a.tif","kalbeck_1__0162_a.tif","Signature","Done","58490893","File","tif","2026-05-20T07:15:55","false","","1","fmt/353","image/tiff","Tagged Image File Format",""
"324","1","file:/data/kalbeck_1__0161_b.tif","/data/kalbeck_1__0161_b.tif","kalbeck_1__0161_b.tif","Signature","Done","58431615","File","tif","2026-05-20T07:15:53","false","","1","fmt/353","image/tiff","Tagged Image File Format",""
"325","1","file:/data/kalbeck_1__0162_b.tif","/data/kalbeck_1__0162_b.tif","kalbeck_1__0162_b.tif","Signature","Done","56890263","File","tif","2026-05-20T07:15:55","false","","1","fmt/353","image/tiff","Tagged Image File Format",""
"326","1","file:/data/kalbeck_1__0160_b.tif","/data/kalbeck_1__0160_b.tif","kalbeck_1__0160_b.tif","Signature","Done","58342519","File","tif","2026-05-20T07:15:51","false","","1","fmt/353","image/tiff","Tagged Image File Format",""
"327","1","file:/data/kalbeck_1__0164_a.tif","/data/kalbeck_1__0164_a.tif","kalbeck_1__0164_a.tif","Signature","Done","57926799","File","tif","2026-05-20T07:15:59","false","","1","fmt/353","image/tiff","Tagged Image File Format",""
"328","1","file:/data/kalbeck_1__0163_b.tif","/data/kalbeck_1__0163_b.tif","kalbeck_1__0163_b.tif","Signature","Done","58753639","File","tif","2026-05-20T07:15:58","false","","1","fmt/353","image/tiff","Tagged Image File Format",""
"329","1","file:/data/kalbeck_1__0164_b.tif","/data/kalbeck_1__0164_b.tif","kalbeck_1__0164_b.tif","Signature","Done","58600483","File","tif","2026-05-20T07:16:00","false","","1","fmt/353","image/tiff","Tagged Image File Format",""
"330","1","file:/data/kalbeck_1__0165_b.tif","/data/kalbeck_1__0165_b.tif","kalbeck_1__0165_b.tif","Signature","Done","57436633","File","tif","2026-05-20T07:16:02","false","","1","fmt/353","image/tiff","Tagged Image File Format",""
"331","1","file:/data/kalbeck_1__0165_a.tif","/data/kalbeck_1__0165_a.tif","kalbeck_1__0165_a.tif","Signature","Done","59166343","File","tif","2026-05-20T07:16:01","false","","1","fmt/353","image/tiff","Tagged Image File Format",""
"332","1","file:/data/kalbeck_1__0166_b.tif","/data/kalbeck_1__0166_b.tif","kalbeck_1__0166_b.tif","Signature","Done","58974169","File","tif","2026-05-20T07:16:04","false","","1","fmt/353","image/tiff","Tagged Image File Format",""
"333","1","file:/data/kalbeck_1__0166_a.tif","/data/kalbeck_1__0166_a.tif","kalbeck_1__0166_a.tif","Signature","Done","58204337","File","tif","2026-05-20T07:16:03","false","","1","fmt/353","image/tiff","Tagged Image File Format",""
"334","1","file:/data/kalbeck_1__0168_b.tif","/data/kalbeck_1__0168_b.tif","kalbeck_1__0168_b.tif","Signature","Done","56166937","File","tif","2026-05-20T07:16:08","false","","1","fmt/353","image/tiff","Tagged Image File Format",""
"335","1","file:/data/kalbeck_1__0167_a.tif","/data/kalbeck_1__0167_a.tif","kalbeck_1__0167_a.tif","Signature","Done","59153753","File","tif","2026-05-20T07:16:05","false","","1","fmt/353","image/tiff","Tagged Image File Format",""
"336","1","file:/data/kalbeck_1__0168_a.tif","/data/kalbeck_1__0168_a.tif","kalbeck_1__0168_a.tif","Signature","Done","57428625","File","tif","2026-05-20T07:16:08","false","","1","fmt/353","image/tiff","Tagged Image File Format",""
"337","1","file:/data/kalbeck_1__0167_b.tif","/data/kalbeck_1__0167_b.tif","kalbeck_1__0167_b.tif","Signature","Done","57097483","File","tif","2026-05-20T07:16:06","false","","1","fmt/353","image/tiff","Tagged Image File Format",""
"338","1","file:/data/kalbeck_1__0169_b.tif","/data/kalbeck_1__0169_b.tif","kalbeck_1__0169_b.tif","Signature","Done","55313997","File","tif","2026-05-20T07:16:10","false","","1","fmt/353","image/tiff","Tagged Image File Format",""
"339","1","file:/data/kalbeck_1__0171_a.tif","/data/kalbeck_1__0171_a.tif","kalbeck_1__0171_a.tif","Signature","Done","57100937","File","tif","2026-05-20T07:16:14","false","","1","fmt/353","image/tiff","Tagged Image File Format",""
"340","1","file:/data/kalbeck_1__0170_b.tif","/data/kalbeck_1__0170_b.tif","kalbeck_1__0170_b.tif","Signature","Done","56811449","File","tif","2026-05-20T07:16:13","false","","1","fmt/353","image/tiff","Tagged Image File Format",""
"341","1","file:/data/kalbeck_1__0170_a.tif","/data/kalbeck_1__0170_a.tif","kalbeck_1__0170_a.tif","Signature","Done","56190915","File","tif","2026-05-20T07:16:12","false","","1","fmt/353","image/tiff","Tagged Image File Format",""
"342","1","file:/data/kalbeck_1__0169_a.tif","/data/kalbeck_1__0169_a.tif","kalbeck_1__0169_a.tif","Signature","Done","57475579","File","tif","2026-05-20T07:16:10","false","","1","fmt/353","image/tiff","Tagged Image File Format",""
"343","1","file:/data/kalbeck_1__0174_a.tif","/data/kalbeck_1__0174_a.tif","kalbeck_1__0174_a.tif","Signature","Done","57558271","File","tif","2026-05-20T07:16:20","false","","1","fmt/353","image/tiff","Tagged Image File Format",""
"344","1","file:/data/kalbeck_1__0171_b.tif","/data/kalbeck_1__0171_b.tif","kalbeck_1__0171_b.tif","Signature","Done","56477941","File","tif","2026-05-20T07:16:15","false","","1","fmt/353","image/tiff","Tagged Image File Format",""
"345","1","file:/data/kalbeck_1__0172_b.tif","/data/kalbeck_1__0172_b.tif","kalbeck_1__0172_b.tif","Signature","Done","58346055","File","tif","2026-05-20T07:16:17","false","","1","fmt/353","image/tiff","Tagged Image File Format",""
"346","1","file:/data/kalbeck_1__0172_a.tif","/data/kalbeck_1__0172_a.tif","kalbeck_1__0172_a.tif","Signature","Done","58441859","File","tif","2026-05-20T07:16:16","false","","1","fmt/353","image/tiff","Tagged Image File Format",""
"347","1","file:/data/kalbeck_1__0173_a.tif","/data/kalbeck_1__0173_a.tif","kalbeck_1__0173_a.tif","Signature","Done","58678081","File","tif","2026-05-20T07:16:18","false","","1","fmt/353","image/tiff","Tagged Image File Format",""
"348","1","file:/data/kalbeck_1__0173_b.tif","/data/kalbeck_1__0173_b.tif","kalbeck_1__0173_b.tif","Signature","Done","57616279","File","tif","2026-05-20T07:16:19","false","","1","fmt/353","image/tiff","Tagged Image File Format",""
"349","1","file:/data/kalbeck_1__0176_a.tif","/data/kalbeck_1__0176_a.tif","kalbeck_1__0176_a.tif","Signature","Done","56570057","File","tif","2026-05-20T07:16:25","false","","1","fmt/353","image/tiff","Tagged Image File Format",""
"350","1","file:/data/kalbeck_1__0177_a.tif","/data/kalbeck_1__0177_a.tif","kalbeck_1__0177_a.tif","Signature","Done","56038533","File","tif","2026-05-20T07:16:27","false","","1","fmt/353","image/tiff","Tagged Image File Format",""
"351","1","file:/data/kalbeck_1__0175_b.tif","/data/kalbeck_1__0175_b.tif","kalbeck_1__0175_b.tif","Signature","Done","59068139","File","tif","2026-05-20T07:16:23","false","","1","fmt/353","image/tiff","Tagged Image File Format",""
"352","1","file:/data/kalbeck_1__0174_b.tif","/data/kalbeck_1__0174_b.tif","kalbeck_1__0174_b.tif","Signature","Done","56348235","File","tif","2026-05-20T07:16:21","false","","1","fmt/353","image/tiff","Tagged Image File Format",""
"353","1","file:/data/kalbeck_1__0175_a.tif","/data/kalbeck_1__0175_a.tif","kalbeck_1__0175_a.tif","Signature","Done","59704365","File","tif","2026-05-20T07:16:23","false","","1","fmt/353","image/tiff","Tagged Image File Format",""
"354","1","file:/data/kalbeck_1__0176_b.tif","/data/kalbeck_1__0176_b.tif","kalbeck_1__0176_b.tif","Signature","Done","55409607","File","tif","2026-05-20T07:16:25","false","","1","fmt/353","image/tiff","Tagged Image File Format",""
"355","1","file:/data/kalbeck_1__0178_a.tif","/data/kalbeck_1__0178_a.tif","kalbeck_1__0178_a.tif","Signature","Done","56168273","File","tif","2026-05-20T07:16:29","false","","1","fmt/353","image/tiff","Tagged Image File Format",""
"356","1","file:/data/kalbeck_1__0177_b.tif","/data/kalbeck_1__0177_b.tif","kalbeck_1__0177_b.tif","Signature","Done","56087107","File","tif","2026-05-20T07:16:28","false","","1","fmt/353","image/tiff","Tagged Image File Format",""
"357","1","file:/data/kalbeck_1__0178_b.tif","/data/kalbeck_1__0178_b.tif","kalbeck_1__0178_b.tif","Signature","Done","55333523","File","tif","2026-05-20T07:16:30","false","","1","fmt/353","image/tiff","Tagged Image File Format",""
"358","1","file:/data/kalbeck_1__0179_b.tif","/data/kalbeck_1__0179_b.tif","kalbeck_1__0179_b.tif","Signature","Done","57389123","File","tif","2026-05-20T07:16:32","false","","1","fmt/353","image/tiff","Tagged Image File Format",""
"359","1","file:/data/kalbeck_1__0179_a.tif","/data/kalbeck_1__0179_a.tif","kalbeck_1__0179_a.tif","Signature","Done","54848041","File","tif","2026-05-20T07:16:31","false","","1","fmt/353","image/tiff","Tagged Image File Format",""
"360","1","file:/data/kalbeck_1__0180_a.tif","/data/kalbeck_1__0180_a.tif","kalbeck_1__0180_a.tif","Signature","Done","57471761","File","tif","2026-05-20T07:16:33","false","","1","fmt/353","image/tiff","Tagged Image File Format",""
"361","1","file:/data/kalbeck_1__0180_b.tif","/data/kalbeck_1__0180_b.tif","kalbeck_1__0180_b.tif","Signature","Done","56345701","File","tif","2026-05-20T07:16:34","false","","1","fmt/353","image/tiff","Tagged Image File Format",""
"362","1","file:/data/kalbeck_1__0181_a.tif","/data/kalbeck_1__0181_a.tif","kalbeck_1__0181_a.tif","Signature","Done","56500341","File","tif","2026-05-20T07:16:35","false","","1","fmt/353","image/tiff","Tagged Image File Format",""
"363","1","file:/data/kalbeck_1__0182_b.tif","/data/kalbeck_1__0182_b.tif","kalbeck_1__0182_b.tif","Signature","Done","54288265","File","tif","2026-05-20T07:16:38","false","","1","fmt/353","image/tiff","Tagged Image File Format",""
"364","1","file:/data/kalbeck_1__0182_a.tif","/data/kalbeck_1__0182_a.tif","kalbeck_1__0182_a.tif","Signature","Done","54335761","File","tif","2026-05-20T07:16:38","false","","1","fmt/353","image/tiff","Tagged Image File Format",""
"365","1","file:/data/kalbeck_1__0181_b.tif","/data/kalbeck_1__0181_b.tif","kalbeck_1__0181_b.tif","Signature","Done","54034825","File","tif","2026-05-20T07:16:36","false","","1","fmt/353","image/tiff","Tagged Image File Format",""
"366","1","file:/data/kalbeck_1__0185_a.tif","/data/kalbeck_1__0185_a.tif","kalbeck_1__0185_a.tif","Signature","Done","57004545","File","tif","2026-05-20T07:16:44","false","","1","fmt/353","image/tiff","Tagged Image File Format",""
"367","1","file:/data/kalbeck_1__0183_a.tif","/data/kalbeck_1__0183_a.tif","kalbeck_1__0183_a.tif","Signature","Done","55464163","File","tif","2026-05-20T07:16:40","false","","1","fmt/353","image/tiff","Tagged Image File Format",""
"368","1","file:/data/kalbeck_1__0184_a.tif","/data/kalbeck_1__0184_a.tif","kalbeck_1__0184_a.tif","Signature","Done","54865889","File","tif","2026-05-20T07:16:42","false","","1","fmt/353","image/tiff","Tagged Image File Format",""
"369","1","file:/data/kalbeck_1__0183_b.tif","/data/kalbeck_1__0183_b.tif","kalbeck_1__0183_b.tif","Signature","Done","53800185","File","tif","2026-05-20T07:16:40","false","","1","fmt/353","image/tiff","Tagged Image File Format",""
"370","1","file:/data/kalbeck_1__0184_b.tif","/data/kalbeck_1__0184_b.tif","kalbeck_1__0184_b.tif","Signature","Done","54443377","File","tif","2026-05-20T07:16:42","false","","1","fmt/353","image/tiff","Tagged Image File Format",""
"371","1","file:/data/kalbeck_1__0187_a.tif","/data/kalbeck_1__0187_a.tif","kalbeck_1__0187_a.tif","Signature","Done","54801525","File","tif","2026-05-20T07:16:48","false","","1","fmt/353","image/tiff","Tagged Image File Format",""
"372","1","file:/data/kalbeck_1__0185_b.tif","/data/kalbeck_1__0185_b.tif","kalbeck_1__0185_b.tif","Signature","Done","53383203","File","tif","2026-05-20T07:16:44","false","","1","fmt/353","image/tiff","Tagged Image File Format",""
"373","1","file:/data/kalbeck_1__0186_a.tif","/data/kalbeck_1__0186_a.tif","kalbeck_1__0186_a.tif","Signature","Done","55996841","File","tif","2026-05-20T07:16:46","false","","1","fmt/353","image/tiff","Tagged Image File Format",""
"374","1","file:/data/kalbeck_1__0187_b.tif","/data/kalbeck_1__0187_b.tif","kalbeck_1__0187_b.tif","Signature","Done","55515087","File","tif","2026-05-20T07:16:49","false","","1","fmt/353","image/tiff","Tagged Image File Format",""
"375","1","file:/data/kalbeck_1__0186_b.tif","/data/kalbeck_1__0186_b.tif","kalbeck_1__0186_b.tif","Signature","Done","53911073","File","tif","2026-05-20T07:16:47","false","","1","fmt/353","image/tiff","Tagged Image File Format",""
"376","1","file:/data/kalbeck_1__0188_a.tif","/data/kalbeck_1__0188_a.tif","kalbeck_1__0188_a.tif","Signature","Done","57666171","File","tif","2026-05-20T07:16:50","false","","1","fmt/353","image/tiff","Tagged Image File Format",""
"377","1","file:/data/kalbeck_1__0190_b.tif","/data/kalbeck_1__0190_b.tif","kalbeck_1__0190_b.tif","Signature","Done","50610407","File","tif","2026-05-20T07:16:55","false","","1","fmt/353","image/tiff","Tagged Image File Format",""
"378","1","file:/data/kalbeck_1__0188_b.tif","/data/kalbeck_1__0188_b.tif","kalbeck_1__0188_b.tif","Signature","Done","54195171","File","tif","2026-05-20T07:16:51","false","","1","fmt/353","image/tiff","Tagged Image File Format",""
"379","1","file:/data/kalbeck_1__0189_a.tif","/data/kalbeck_1__0189_a.tif","kalbeck_1__0189_a.tif","Signature","Done","56876493","File","tif","2026-05-20T07:16:52","false","","1","fmt/353","image/tiff","Tagged Image File Format",""
"380","1","file:/data/kalbeck_1__0190_a.tif","/data/kalbeck_1__0190_a.tif","kalbeck_1__0190_a.tif","Signature","Done","53605591","File","tif","2026-05-20T07:16:54","false","","1","fmt/353","image/tiff","Tagged Image File Format",""
"381","1","file:/data/kalbeck_1__0189_b.tif","/data/kalbeck_1__0189_b.tif","kalbeck_1__0189_b.tif","Signature","Done","53349047","File","tif","2026-05-20T07:16:53","false","","1","fmt/353","image/tiff","Tagged Image File Format",""
"382","1","file:/data/kalbeck_1__0192_b.tif","/data/kalbeck_1__0192_b.tif","kalbeck_1__0192_b.tif","Signature","Done","69711481","File","tif","2026-05-20T07:16:59","false","","1","fmt/353","image/tiff","Tagged Image File Format",""
"383","1","file:/data/kalbeck_1__0191_b.tif","/data/kalbeck_1__0191_b.tif","kalbeck_1__0191_b.tif","Signature","Done","50725007","File","tif","2026-05-20T07:16:57","false","","1","fmt/353","image/tiff","Tagged Image File Format",""
"384","1","file:/data/kalbeck_1__0192_a.tif","/data/kalbeck_1__0192_a.tif","kalbeck_1__0192_a.tif","Signature","Done","69402697","File","tif","2026-05-20T07:16:59","false","","1","fmt/353","image/tiff","Tagged Image File Format",""
"385","1","file:/data/kalbeck_1__0191_a.tif","/data/kalbeck_1__0191_a.tif","kalbeck_1__0191_a.tif","Signature","Done","52016005","File","tif","2026-05-20T07:16:56","false","","1","fmt/353","image/tiff","Tagged Image File Format",""
